lexeme	ambiguous	score
무궁	0	0.0
지번	0	0.0
경계	1	33.3333
세기	1	25.0
진로	1	20.0
일선	0	16.6667
응징	0	28.5714
각	0	37.5
패러디	0	33.3333
국격	0	40.0
중간	1	45.4545
라섹	0	50.0
매수	1	46.1538
사우디아라비아	0	50.0
탁구	0	46.6667
사격	0	43.75
책상	0	47.0588
인재	1	50.0
핵	1	52.6316
명명	0	55.0
만반	0	57.1429
구별	0	54.5455
갑	0	52.1739
홈런	0	54.1667
컨설팅	0	52.0
김포	0	50.0
책사	0	48.1481
세대	1	50.0
추신	0	51.7241
풍미	0	50.0
진짜	0	51.6129
타협	0	53.125
결성	0	54.5455
타깃	0	52.9412
빈소	0	54.2857
정책	1	55.5556
석탑	0	56.7568
담합	1	55.2632
문호	1	53.8462
와이엠시에이	0	55.0
시립	0	56.0976
분진	0	54.7619
감사	1	55.814
용납	0	56.8182
이식	1	55.5556
숙제	1	54.3478
풍	0	55.3191
최근	1	56.25
변환	0	57.1429
개	0	58.0
경위	1	56.8627
총괄	0	55.7692
벽면	0	56.6038
사색	0	57.4074
제기	1	56.3636
평전	0	55.3571
편리	0	54.386
시료	0	55.1724
전화	1	54.2373
공백	0	53.3333
관세	1	52.459
친정	0	51.6129
전거	0	52.381
입사	1	53.125
상쇄	0	53.8462
근접	0	54.5455
노	0	53.7313
구인	0	54.4118
마피아	0	53.6232
서류	0	52.8571
질감	0	52.1127
극찬	0	51.3889
개발	1	52.0548
패소	0	51.3514
오차	0	50.6667
피시	0	51.3158
가담	0	50.6494
토막	0	50.0
재치	0	50.6329
창조	0	50.0
결합	1	49.3827
사면	1	48.7805
발화	0	48.1928
공작	0	48.8095
애착	0	48.2353
산지	1	48.8372
센서	0	49.4253
박식	0	48.8636
창립	0	48.3146
개편	1	48.8889
이야기	1	48.3516
비난	0	47.8261
일촉즉발	0	47.3118
사단	0	47.8723
강좌	0	47.3684
동거	0	47.9167
유탄	0	47.4227
잔해	0	46.9388
숙고	0	47.4747
교통	0	47.0
시보	0	47.5248
위임	0	48.0392
뿌리	1	47.5728
응수	0	47.1154
성과	0	47.619
섭렵	0	47.1698
유죄	1	47.6636
전념	0	48.1481
법정	1	47.7064
감원	0	47.2727
유령	1	46.8468
전력	1	46.4286
맘	1	46.9027
군축	0	47.3684
표결	0	47.8261
품	0	47.4138
당원	0	47.8632
고철	0	48.3051
기억	1	48.7395
도전	1	49.1667
제공	1	49.5868
출하	0	50.0
해킹	0	49.5935
트래픽	0	50.0
기호	1	50.4
소용	0	50.0
오디션	0	50.3937
사양	0	50.0
샴페인	0	50.3876
기장	0	50.7692
소치	0	50.3817
연극	0	50.7576
원격	0	50.3759
성공	1	50.0
좌선	0	49.6296
소원	1	50.0
전지	1	50.365
투기	0	50.7246
제주	1	51.0791
국모	0	51.4286
팝콘	0	51.0638
이주	0	51.4085
재정	1	51.7483
실리	0	51.3889
빛	0	51.7241
연마	0	52.0548
복귀	1	51.7007
역사	1	52.027
중지	0	51.6779
헌신	0	51.3333
금연	1	50.9934
우위	0	51.3158
교부	0	50.9804
조회	0	50.6494
커플	0	50.3226
부결	0	50.641
동향	1	50.3185
싸움	0	50.0
매연	0	49.6855
심장	0	50.0
폭탄	0	50.3106
창고	0	50.6173
고종	1	50.9202
소관	0	51.2195
스토리	0	51.5152
자문	0	51.2048
양구	0	50.8982
리콜	0	50.5952
퇴사	0	50.2959
출시	0	50.5882
통	1	50.8772
사원	0	51.1628
봉투	0	51.4451
담보	1	51.1494
사이클	0	51.4286
마음	1	51.1364
닭	0	50.8475
상시	1	51.1236
평화	1	51.3966
감수	1	51.6667
입증	1	51.9337
동반	1	51.6484
울산	0	51.9126
층	1	52.1739
관할	0	52.4324
개념	1	52.1505
모퉁이	0	52.4064
직업	0	52.1277
탈	1	52.381
구설	0	52.1053
중순	0	51.8325
산중	0	51.5625
질책	0	51.8135
동아리	0	52.0619
확산	1	51.7949
의미	1	52.0408
비단	0	52.2843
정성	1	52.5253
모바일	0	52.7638
현혹	0	53.0
쌍방	0	52.7363
각막	0	52.4752
방황	1	52.7094
공채	0	52.451
발령	1	52.1951
동	1	52.4272
결사	0	52.657
체온	0	52.4038
테러	0	52.6316
공금	0	52.381
밑	1	52.6066
해경	0	52.3585
맨체스터	0	52.1127
둔화	0	51.8692
강호	0	51.6279
독	1	51.8519
경합	1	51.6129
현실	1	51.8349
수사	1	51.5982
배격	0	51.8182
업종	0	51.5837
깨달음	0	51.8018
악화	1	51.5695
방침	1	51.7857
식품	0	51.5556
신뢰	1	51.3274
고시	0	51.1013
고리	1	50.8772
안양	0	50.655
브루나이	0	50.4348
타국	0	50.2165
제전	1	50.431
소화	1	50.6438
권	1	50.8547
문의	1	51.0638
개시	0	50.8475
학원	1	50.6329
예외	0	50.8403
속보	0	50.6276
주미	0	50.8333
곤경	0	51.0373
역부족	0	51.2397
창의	0	51.4403
훈계	0	51.6393
재난	0	51.8367
묘역	0	51.626
사관	1	51.8219
후쿠시마	0	52.0161
파티	0	51.8072
즉사	0	51.6
실행	1	51.3944
바이오시밀러	0	51.5873
모임	0	51.7787
특구	0	51.5748
메르스	0	51.3725
궁핍	0	51.1719
약점	0	51.3619
지략	0	51.5504
부채	0	51.7375
왕국	0	51.5385
나무	0	51.7241
말미	0	51.5267
아메리카노	0	51.3308
조	1	51.1364
상실	0	50.9434
팩트	0	51.1278
벨	0	50.9363
수유	0	50.7463
품귀	0	50.5576
집행	1	50.7407
한우	0	50.5535
낙선	0	50.7353
태국	0	50.9158
획득	0	50.7299
기녀	0	50.5455
합창	0	50.3623
매진	0	50.1805
신약	0	50.0
작	0	49.8208
숲	0	50.0
면제	0	50.1779
카운터	0	50.0
워싱턴	0	49.8233
체중	0	50.0
방해	0	50.1754
잔치	0	50.0
영리	0	49.8258
보스턴	0	50.0
발레	0	49.827
영국	0	49.6552
음주	0	49.4845
염두	1	49.6575
대권	0	49.8294
보증	0	49.6599
공유	1	49.4915
원년	0	49.6622
창문	0	49.4949
개막	0	49.6644
중증	0	49.8328
취합	0	49.6667
베네치아	0	49.5017
경협	0	49.6689
해군	1	49.505
압박	1	49.6711
티켓	0	49.5082
순록	0	49.6732
배급	0	49.8371
인체	0	50.0
경제	1	49.8382
홀	0	49.6774
선례	0	49.8392
왕릉	0	50.0
고소	0	50.1597
감찰	0	50.0
모순	0	49.8413
궁예	0	50.0
정자	1	50.1577
제로	0	50.0
선비	1	50.1567
전자	0	50.3125
해적	0	50.1558
악수	0	50.3106
경인	0	50.1548
풍랑	0	50.0
증언	0	49.8462
교감	0	50.0
체형	0	49.8471
조장	1	49.6951
구출	0	49.848
양식	0	49.697
납부	0	49.8489
죄질	0	49.6988
근대	0	49.8498
흥분	0	50.0
보충	0	50.1493
외압	0	50.0
업적	0	49.8516
실언	0	49.7041
분기	1	49.5575
귀농	0	49.4118
검정	1	49.2669
폭염	0	49.1228
뮌헨	0	48.9796
보람	0	49.1279
안토시아닌	0	48.9855
여행	1	49.1329
부하	1	49.2795
실시	1	49.1379
정례	0	49.2837
한미일	0	49.1429
유자	0	49.2877
나이지리아	0	49.4318
합격	1	49.5751
보장	1	49.435
부식	0	49.2958
경주	0	49.4382
가시	0	49.5798
바탕	1	49.4413
건축	0	49.5822
호화	0	49.4444
감미	0	49.5845
엘피	0	49.4475
폐품	0	49.5868
영동	0	49.7253
움직임	1	49.863
성남	0	50.0
실정	1	50.1362
이내	0	50.2717
건	0	50.1355
세상	1	50.2703
우익	0	50.1348
구리	1	50.2688
일본	1	50.4021
함락	0	50.5348
단속	1	50.6667
베테랑	0	50.7979
감성	0	50.6631
수교	1	50.5291
중층	0	50.3958
보유	1	50.2632
프린트	0	50.1312
납득	0	50.0
정선	0	49.8695
후퇴	1	49.7396
대장	1	49.8701
위	1	49.7409
만사	0	49.6124
반도	0	49.4845
디도스	0	49.3573
인선	0	49.2308
한창	0	49.1049
종일	0	48.9796
제안	1	48.855
반대	1	48.9848
결속	0	48.8608
격퇴	0	48.9899
스스로	0	48.8665
귀환	0	48.7437
유망	0	48.6216
모욕	0	48.75
떼	0	48.8778
무단	0	49.005
코치	0	49.1315
침체	0	49.2574
지붕	0	49.3827
티셔츠	0	49.5074
기초	0	49.3857
총력	0	49.2647
요인	1	49.1443
프레임	0	49.0244
역전	1	49.1484
해악	0	49.2718
부지런	0	49.3947
동지	0	49.2754
현대	0	49.3976
영문	0	49.5192
장외	0	49.4005
공조	1	49.2823
득점	0	49.1647
덤핑	0	49.2857
확률	0	49.1686
호조	0	49.2891
강행	1	49.1726
하락	0	49.0566
덕분	0	49.1765
색인	0	49.2958
반장	1	49.4145
세균	0	49.2991
현장	1	49.1841
대수	1	49.0698
우루무치	0	48.9559
지도	1	49.0741
애매	0	49.1917
종가	0	49.0783
털	0	49.1954
점검	0	49.0826
역경	0	48.9703
경신	1	49.0868
수분	0	49.2027
불법	1	49.3182
멜로	0	49.2063
연립	0	49.3213
랜드마크	0	49.2099
번개	0	49.3243
이첩	0	49.2135
콘셉트	0	49.1031
컬러	0	48.9933
경칩	0	48.8839
부합	0	48.7751
사고	1	48.8889
방패	0	49.0022
근절	1	48.8938
각광	1	49.0066
파이	0	48.8987
납치	0	49.011
동전	1	49.1228
앞	1	49.0153
이후	1	48.9083
본질	0	49.0196
엔진	0	49.1304
정황	0	49.0239
이슬람	0	48.9177
휴직	0	49.0281
회견	0	48.9224
플러스	0	48.8172
변질	0	48.7124
연령	0	48.8223
폐	1	48.9316
비축	0	48.8273
동티모르	0	48.9362
유색	0	48.8323
유용	0	48.9407
건보	0	49.0486
희망	1	49.1561
자식	0	49.0526
챔피언십	0	49.1597
여	1	49.2662
개체	0	49.3724
배차	0	49.4781
대처	1	49.375
납품	0	49.4802
벗	0	49.3776
구상	0	49.2754
도리	0	49.3802
해발	0	49.2784
퇴장	0	49.177
쿠리에	0	49.076
우선	1	49.1803
수명	1	49.2843
메카	0	49.1837
공식	0	49.0835
단어	0	48.9837
핸드볼	0	48.8844
지향	1	48.7854
내심	0	48.8889
규정	1	48.7903
물량	0	48.6922
추석	0	48.7952
피해	1	48.8978
당	1	49.0
농업	0	49.1018
게재	0	49.004
이별	0	49.1054
직원	1	49.2063
형벌	0	49.1089
모두	0	49.0119
마찬가지	0	48.9152
항해	0	49.0157
가축	0	48.9194
주목	1	48.8235
녹화	0	48.728
가용	0	48.6328
원주	0	48.7329
터미널	0	48.6381
기류	0	48.7379
입점	0	48.6434
유	1	48.5493
이공	0	48.6486
오전	1	48.5549
취리히	0	48.4615
빌라	0	48.5605
공임	0	48.4674
중추	0	48.3748
힌트	0	48.4733
청결	0	48.5714
자신	1	48.6692
육로	0	48.7666
우호	0	48.8636
외면	1	48.9603
농도	0	49.0566
부검	0	48.9642
차지	1	48.8722
선주	0	48.7805
처장	0	48.6891
제자	0	48.785
탄핵	0	48.694
거인	0	48.6034
시절	1	48.6989
전통	1	48.6085
출혈	0	48.7037
분야	0	48.7985
감소	1	48.7085
피폐	0	48.6188
복무	0	48.7132
대안	1	48.6239
강세	1	48.7179
경	0	48.8117
스텔스	0	48.7226
젖	0	48.816
군함	0	48.9091
계류	0	48.8203
열매	0	48.913
방출	1	48.8246
저항	1	48.917
박수	0	48.8288
내일	1	48.741
연관	1	48.6535
덴버	0	48.5663
가입	0	48.4794
굴복	1	48.3929
매춘	0	48.4848
아르바이트	0	48.3986
설치	1	48.4902
매너	0	48.5816
대물	0	48.4956
공실	0	48.5866
행복	1	48.5009
변형	0	48.5915
억압	1	48.6819
자금	1	48.5965
전염	0	48.6865
직위	0	48.6014
계속	1	48.6911
칠순	0	48.6063
시즌	0	48.5217
구장	0	48.4375
후회	0	48.5269
시간	1	48.4429
여왕	0	48.532
수치	1	48.4483
신구	0	48.3649
노선	1	48.4536
내의	0	48.542
의자	1	48.4589
레벨	0	48.3761
세련	0	48.4642
페루	0	48.3816
일련	0	48.4694
체벌	0	48.5569
둔치	0	48.6441
배드민턴	0	48.5618
난제	0	48.6486
네팔	0	48.5666
배포	0	48.6532
몽니	0	48.7395
수양	0	48.8255
생가	0	48.9112
마이애미	0	48.9967
인종	0	48.9149
세수	0	49.0
대첩	0	48.9185
지구	1	48.8372
총기	0	48.7562
발탁	0	48.8411
특이	0	48.9256
조각	1	49.0099
신청	1	48.9292
무산	1	48.8487
스터디	0	48.9327
메이커	0	49.0164
면탈	0	49.0998
청주	0	49.0196
분별	0	48.9396
대학	0	48.8599
배임	0	48.9431
해안	0	48.8636
부족	1	48.7844
규칙	0	48.7055
통역	0	48.7884
질타	0	48.871
인파	0	48.7923
예정	0	48.8746
수녀	0	48.9567
보기	0	49.0385
창원	0	48.96
본관	0	48.8818
허리	0	48.9633
해제	0	48.8854
부지	0	48.8076
타	0	48.8889
보고	1	48.9699
양호	1	49.0506
욕망	0	49.1311
홍	0	49.2114
보건	0	49.1339
단순	0	49.2138
댐	0	49.2936
독서	0	49.373
창설	0	49.2958
업자	0	49.375
페스티벌	0	49.298
원내	0	49.2212
산란	0	49.1446
말레이시아	0	49.2236
야단	0	49.3023
예선	0	49.226
완료	0	49.3045
수조	0	49.2284
격	0	49.1525
귀결	0	49.2308
제목	0	49.3088
양측	0	49.3865
비법	0	49.464
왕자	0	49.5413
신임	0	49.4656
행정	0	49.5427
카자흐	0	49.6195
유치	1	49.696
쿠웨이트	0	49.6206
사범	0	49.5455
속성	0	49.6218
숙소	0	49.6979
이권	0	49.7738
소스	0	49.6988
급성	0	49.7744
법률	1	49.6997
오피스텔	0	49.7751
돌출	0	49.8503
원형	0	49.9253
회사	1	50.0
계기	1	49.9255
부다페스트	0	49.8512
회피	0	49.7771
한파	0	49.7033
연봉	0	49.6296
주소	0	49.7041
쿠알라룸푸르	0	49.7784
전집	0	49.705
시동	0	49.6318
외세	0	49.7059
주초	0	49.7797
정국	1	49.7067
원수	0	49.7804
상부	0	49.7076
포메이션	0	49.781
급	0	49.7085
헤밍웨이	0	49.6361
방화	0	49.7093
장착	0	49.7823
밀실	0	49.8551
당면	0	49.9276
소수	0	50.0
성찰	0	49.9278
판명	0	50.0
채록	0	50.0719
간	0	50.1437
피디	0	50.2152
재료	1	50.1433
말로	0	50.0715
배당	1	50.1429
무용	0	50.0713
이집트	0	50.0
절충	0	50.0711
모양	0	50.142
임시	1	50.0709
방충	0	50.0
정답	0	50.0707
엑스코	0	50.0
여객	0	50.0705
국정	1	50.0
우파	0	49.9297
플라토닉	0	49.8596
실화	0	49.9299
미드필더	0	50.0
가스	1	50.0699
속	1	50.0
현	0	50.0697
삼중	0	50.1393
시국	0	50.2086
이중	0	50.1389
진심	0	50.0693
법조	0	50.1385
현상	1	50.0692
강점	0	50.1381
슈만	0	50.069
오락	0	50.1377
소변	0	50.2063
전년	0	50.2747
피자	0	50.3429
말기	1	50.411
빌미	0	50.4788
신시내티	0	50.4098
구석	0	50.3411
경비	1	50.4087
하드웨어	0	50.4762
조심	0	50.4076
중병	0	50.3392
왕성	0	50.4065
미안	0	50.4736
장담	0	50.4054
말	1	50.3374
유품	0	50.2695
토끼	0	50.3365
난무	0	50.4032
잣	0	50.3356
동봉	0	50.2681
컨테이너	1	50.2008
엽서	1	50.2674
명암	0	50.3338
아시아	0	50.2667
피임	0	50.3329
전수	1	50.266
포항	0	50.1992
남단	0	50.1326
다운로드	0	50.0662
단결	0	50.1323
출처	0	50.0661
자퇴	0	50.0
적중	0	49.9341
변이	0	49.8684
오케스트라	0	49.9343
오클랜드	0	49.8688
체내	0	49.8034
매뉴얼	0	49.7382
수량	0	49.6732
교회	0	49.7389
연루	0	49.8044
이견	0	49.7396
소각	0	49.6749
물가	0	49.7403
병장	0	49.6757
물품	0	49.7409
반발	1	49.806
상원	0	49.7416
거액	0	49.6774
나흘	0	49.7423
음질	0	49.6782
개비	0	49.6144
승부	0	49.5507
하버	0	49.6154
발전	1	49.6799
체호프	0	49.6164
맹꽁이	0	49.553
아빠	0	49.4898
정상	1	49.5541
가이드	1	49.6183
고유	0	49.5553
편입	0	49.6193
생명	1	49.6831
결집	0	49.7468
귀착	0	49.6839
우라와	0	49.7475
고구마	0	49.8108
순진	0	49.7481
예약	0	49.6855
대사	1	49.7487
세공	0	49.6863
순환	0	49.6241
열기	0	49.6871
파란	0	49.75
달	1	49.6879
색소	0	49.6259
스파이	0	49.6887
문혁	0	49.7512
반문	0	49.6894
충전	1	49.7519
우수	0	49.8141
연중	0	49.8762
무모	0	49.8146
당연	1	49.8765
가짜	0	49.815
위계	0	49.8768
후자	0	49.9385
집합	0	50.0
모자이크	0	49.9387
원청	0	50.0
약세	0	49.9388
모친	0	49.8778
따돌림	0	49.8168
남자	1	49.7561
조롱	0	49.8173
강조	0	49.7567
입수	0	49.8177
신호	0	49.8786
기쁨	0	49.8182
네덜란드	0	49.8789
활기	0	49.8186
노모	0	49.8792
리그	1	49.9397
디스플레이	0	49.8795
연예	0	49.9398
봉급	0	50.0
슬래브	0	50.06
첨단	0	50.0
포수	0	49.9401
포섭	0	49.8804
세력	1	49.9403
플랫폼	0	49.8807
실점	0	49.9404
서거	0	50.0
자	0	50.0595
아비뇽	0	50.0
천적	0	50.0593
모	0	50.0
현직	0	49.9408
사흘	0	50.0
신중	0	50.059
패권	0	50.1179
귀추	0	50.0589
정유	0	50.1176
농협	0	50.0588
봉쇄	0	50.0
합의	1	49.9414
계획	1	49.8829
낭패	0	49.8246
과반	1	49.8832
역도산	0	49.825
애	1	49.7669
혼선	0	49.709
최후	0	49.6512
여진	0	49.5935
종자	0	49.652
발견	0	49.7103
순서	1	49.6528
선정	1	49.5954
택시	0	49.5381
의료	0	49.481
대어	0	49.424
점철	0	49.3671
타인	0	49.3103
누명	0	49.3685
치적	0	49.3119
위반	1	49.2554
소송	1	49.1991
유엔	0	49.2571
빙수	0	49.3151
외관	0	49.3729
강타	0	49.4305
할리우드	0	49.3743
소요	1	49.3182
독감	0	49.2622
행방	0	49.3197
식사	0	49.2639
심화	1	49.3213
성진	0	49.3785
한자	0	49.4357
미흡	0	49.4927
일종	0	49.5495
향방	0	49.4938
물건	0	49.5506
지원	1	49.4949
시너지	0	49.4395
아연	0	49.3841
권익	0	49.4407
단테	0	49.3855
어르신	0	49.3304
황사	0	49.2754
파업	0	49.3318
육박	0	49.3882
리본	0	49.4444
만료	0	49.5006
반항	0	49.4457
서부	0	49.5017
개입	1	49.4469
무휴	0	49.3923
개전	0	49.4481
가야	0	49.5039
바가지	0	49.5595
그리스	0	49.615
국수	0	49.5604
플라스틱	0	49.506
재단	1	49.4518
소설	1	49.3976
밀당	0	49.453
선대	0	49.3989
브루크너	0	49.345
위기	1	49.2912
단추	0	49.3464
버릇	0	49.4015
의존	0	49.4565
구두	0	49.5114
충족	1	49.5662
권장	0	49.6208
사즉생	0	49.5671
자율	0	49.6216
학문	0	49.568
세일	0	49.6224
생도	0	49.569
대변	1	49.5156
캐릭터	1	49.5699
가격	1	49.5166
무료	0	49.4635
개성	1	49.4105
아이디어	0	49.4647
입찰	0	49.4118
시이오	0	49.359
완성	0	49.3063
견해	1	49.3603
함수	1	49.3078
급감	0	49.3617
수칙	0	49.4155
등반	0	49.4692
어처구니	0	49.5228
소득	1	49.5763
자동	1	49.5238
국책	0	49.4715
여당	1	49.4192
기성	0	49.3671
혼동	0	49.4204
배후	1	49.4737
위폐	0	49.5268
세팅	0	49.4748
전작	0	49.5278
복사	0	49.4759
망	0	49.5288
야후	0	49.5816
옥스팜	0	49.5298
등산	0	49.4781
용액	0	49.5308
예인	0	49.5833
입력	0	49.6358
주검	0	49.5842
의혹	0	49.5327
살포	1	49.5851
아프리카	0	49.5337
아이엠오	0	49.4824
비발디	0	49.4312
오류	0	49.4835
쿠폰	1	49.5356
소집	0	49.5876
삼삼오오	0	49.6395
선행	0	49.5885
나전	0	49.6403
소모	0	49.5893
안정	1	49.641
탈모	0	49.6926
일반	1	49.6418
괴롭힘	0	49.591
신생	0	49.5403
항쟁	0	49.4898
애송	0	49.5413
의의	0	49.5927
중구	1	49.5422
위력	0	49.5935
아쉬움	0	49.5431
일독	0	49.4929
출점	0	49.4428
서첩	0	49.3927
맥주	0	49.3428
압력	1	49.2929
급전	0	49.2432
관측	1	49.1935
모형	0	49.2447
마라토너	0	49.1952
야외	0	49.1457
접견	0	49.1968
미소	1	49.2477
방벽	0	49.1984
환불	0	49.1491
강	1	49.1
매물	0	49.1508
활약	0	49.1018
정승	0	49.0528
구금	0	49.004
용기	0	48.9552
접속	0	48.9066
외상	0	48.858
초보	0	48.9087
모돈	0	48.8603
성향	0	48.9109
강제	0	48.8625
갑절	0	48.913
입학	0	48.9635
나트륨	0	48.9152
잔혹	0	48.867
징표	0	48.8189
모색	1	48.7709
당적	0	48.723
꼴	0	48.6752
변명	0	48.6275
고사	0	48.5798
중령	0	48.5323
저변	0	48.4848
사상	0	48.4375
섬	1	48.4878
추진	1	48.4405
대두	1	48.3934
섭취	0	48.4436
뱀파이어	0	48.3965
방어	1	48.3495
배	1	48.3026
강화	1	48.3527
감청	1	48.4027
문책	0	48.4526
미주	0	48.4058
연명	0	48.4556
강자	0	48.4089
성	1	48.3622
가뭄	0	48.4119
범행	0	48.4615
값	1	48.415
무디스	0	48.3685
어버이	0	48.3221
튀니지	0	48.3716
속설	0	48.4211
켐니츠	0	48.4704
풀백	0	48.4241
병력	0	48.4733
체인	1	48.5224
합판	0	48.4762
목불인견	0	48.4301
순찰	0	48.4791
인상	1	48.433
관점	1	48.3871
사계	0	48.436
난징	0	48.3902
테러리스트	0	48.439
선진	0	48.4877
업태	0	48.4419
난관	0	48.4906
응답	0	48.5391
열차	0	48.4934
애도	0	48.4478
도청	0	48.4023
청약	0	48.3568
압수	0	48.4053
시련	0	48.4536
기고	0	48.5019
고액	0	48.4565
전기	0	48.4112
상의	1	48.366
치안	0	48.3209
진정	1	48.3691
위로	1	48.4171
쿤밍	0	48.3721
몰입	0	48.4201
데이트	0	48.3751
제독	0	48.423
방미	0	48.3781
시내	0	48.4259
유입	1	48.4736
격상	0	48.5213
채찍	0	48.5688
과목	0	48.6162
급박	0	48.5714
프리랜서	0	48.6188
혈연	0	48.5741
결실	0	48.6213
옥	0	48.6685
삭제	0	48.7156
반공	0	48.7626
무한	0	48.7179
버섯	0	48.7649
위성	1	48.7203
리스트	0	48.6758
저지	0	48.7226
귀빈	0	48.6782
멸치	0	48.725
아이돌	0	48.6806
일상	1	48.7273
구현	1	48.683
명칭	0	48.6388
시황	0	48.6854
건국	0	48.6413
예치	0	48.6878
간부	1	48.7342
암울	0	48.6902
포도	0	48.7365
식탁	0	48.6925
대미	0	48.7387
잠깐	0	48.6949
환관	0	48.741
육군	0	48.6972
서초	0	48.6535
포털	0	48.6996
반면	0	48.6559
가전	0	48.6124
반응	0	48.6583
대개	0	48.7042
깡	0	48.75
박사	0	48.7957
연습	1	48.8414
보	0	48.7979
신화	1	48.7544
가미	0	48.8
불신	0	48.8455
연비	0	48.8909
휘장	0	48.8475
형	1	48.8043
송치	0	48.7611
나토	0	48.8064
회전	0	48.8516
소름	0	48.8967
대동	0	48.9418
의정	0	48.9868
파편	0	49.0317
학생	1	48.9886
제정	0	49.0334
회보	0	49.0781
마로니에	0	49.1228
피	0	49.1674
답사	0	49.1243
개관	0	49.0814
계발	0	49.1259
빈도	0	49.1703
백방	0	49.2147
합산	0	49.2589
서북	0	49.3031
뒤	1	49.2602
가설	0	49.2174
핀란드	0	49.1746
피파	0	49.1319
부위	1	49.1761
전쟁	1	49.1334
통풍	0	49.0909
총상	0	49.0484
음역	0	49.0925
직급	0	49.0501
주류	1	49.0078
특종	0	48.9655
연패	1	48.9233
알코올	0	48.9673
갈망	0	49.0112
유출	1	48.9691
종목	1	49.0129
위신	0	48.9708
인하	1	49.0146
양자	0	48.9726
초봉	0	49.0163
위구르	0	48.9744
환매	0	49.0179
특성	0	48.9761
조국	1	49.0196
에이스	0	48.9779
재산	0	49.0213
개악	0	49.0646
불자	0	49.1079
소식	1	49.1511
원전	0	49.1942
폭도	0	49.2373
차원	1	49.1956
사각	0	49.2386
모범	0	49.197
명천	0	49.1554
보관	0	49.1139
두발	0	49.0725
존폐	0	49.0312
대체	0	49.0741
몸	0	49.1169
생활	1	49.0756
함성	0	49.1184
우대	0	49.1611
연락	1	49.1199
독일	0	49.0787
풍성	0	49.0377
미군	0	49.0803
라마	0	49.0393
행세	0	48.9983
총장	1	48.9575
재경	0	48.9167
회생	0	48.8759
예방	1	48.9185
야	0	48.9609
총선	0	49.0033
이사	1	49.0456
소액	0	49.0879
환영	1	49.1301
지점	1	49.1722
도달	1	49.1315
램	0	49.1736
제어	0	49.2155
파견	0	49.1749
농부	0	49.1344
맹자	0	49.1763
정전	0	49.1358
비월	0	49.1776
폴란드	0	49.2194
간주	0	49.179
황	1	49.1386
실러캔스	0	49.0984
감산	0	49.14
사직	0	49.0998
무릎	0	49.0597
이끼	0	49.1013
올해	1	49.1429
호령	0	49.1843
동네	0	49.2258
심해	0	49.2671
조짐	0	49.227
고속	0	49.2683
하향	0	49.3095
주식	1	49.2695
전파	0	49.2295
검증	1	49.1896
기회	1	49.1498
시일	1	49.1909
국왕	0	49.1512
재력	0	49.1922
입건	0	49.1525
과테말라	0	49.1129
체조	0	49.0733
폐쇄	1	49.0338
히잡	0	48.9944
궤적	1	49.0354
체득	0	49.0763
실종	0	49.1172
주총	0	49.0778
순례	1	49.1186
반성	1	49.0793
방역	1	49.12
예능	0	49.0807
살수	0	49.0415
망명	0	49.0822
정세	1	49.1228
리더	0	49.0837
포격	0	49.0446
차명	0	49.0056
담론	0	48.9666
오리무중	0	48.9277
사표	0	48.8889
독특	0	48.9294
감내	0	48.9699
변수	0	48.9311
신속	0	48.9715
아파트	0	49.0119
네오콘	0	49.0521
엿새	0	49.0923
복직	0	49.1325
알	0	49.1726
스케줄	0	49.2126
블로그	0	49.1739
클리블랜드	0	49.2138
표기	1	49.1752
멋	0	49.2151
춘천	0	49.1765
화덕	0	49.1379
전례	1	49.1778
레미콘	0	49.2175
일축	0	49.179
역투	0	49.2188
마카오	0	49.2584
운	1	49.22
아산	0	49.2595
급여	1	49.2212
할머니	0	49.2607
회수	0	49.3002
차기	0	49.3395
의뢰	0	49.3012
선고	1	49.263
연소	0	49.2248
비자	0	49.2641
설법	0	49.3034
스톨리핀	0	49.2653
콘테스트	0	49.3045
런던	0	49.2664
분산	1	49.3056
기소	0	49.3446
전담	0	49.3066
적	1	49.2687
병	1	49.2308
국지	0	49.1929
인근	0	49.1551
원목	0	49.1942
플레이어	0	49.2331
공로	1	49.1954
증가	0	49.2343
사극	0	49.2731
가정	1	49.2355
예하	0	49.1979
서적	0	49.2366
이란	0	49.1991
동문	0	49.2378
잠입	0	49.2003
편향	0	49.239
기피	0	49.2015
묘사	0	49.1641
국방	0	49.2027
씨앗	0	49.1654
레크리에이션	0	49.2039
꼬리	0	49.2424
퇴조	0	49.2808
발효	0	49.2436
친일	0	49.2063
관철	0	49.2447
시력	0	49.2075
재즈	0	49.2459
자손	0	49.2841
소지	1	49.3223
작가	0	49.3604
혼란	0	49.3985
반향	0	49.4365
화병	0	49.3994
일정	1	49.4374
풍경	1	49.4753
안건	0	49.5131
통보	1	49.476
육우	0	49.5138
반미	0	49.4768
미래	1	49.4399
고찰	0	49.4776
발인	0	49.5153
식수	0	49.4784
소	1	49.4415
청춘	0	49.4048
투자	1	49.368
고양	1	49.3314
넋	0	49.369
유물	0	49.4065
목	1	49.3699
난리	0	49.3333
마디	1	49.3708
연재	0	49.3343
면직	0	49.2979
보완	0	49.2614
들라크루아	0	49.2989
신진	0	49.2625
몰타	0	49.2262
가운데	1	49.2636
평창	0	49.2274
언급	0	49.1912
현물	0	49.155
제패	0	49.1189
발휘	0	49.1563
깔끔	0	49.1202
투혼	0	49.1575
물음	0	49.1215
대등	0	49.1587
구입	1	49.1959
단식	1	49.16
제출	1	49.1241
논쟁	0	49.0883
애널리스트	0	49.0525
찌개	0	49.0896
허물	0	49.1266
글씨	0	49.0909
얼굴	1	49.1279
정년	0	49.1649
모니터링	1	49.2017
자료	1	49.1661
유화	0	49.1304
횡령	0	49.0949
익산	0	49.1317
스코필드	0	49.1685
부탁	0	49.2052
매각	0	49.2419
숙원	0	49.2785
안	1	49.3151
행적	0	49.2795
의군	0	49.3161
필수	1	49.2806
석유	0	49.317
목표	1	49.2816
수퍼스타	0	49.318
윤리	0	49.2826
인큐베이터	0	49.319
차단	1	49.3553
삼진	0	49.3916
자비	0	49.4278
모가지	0	49.4639
레슬링	0	49.4286
아마추어	0	49.3933
작년	0	49.4294
의전	0	49.4654
유통	1	49.5014
원단	0	49.4662
분리	1	49.5021
안보	0	49.538
주저	0	49.5028
고안	0	49.4677
타워	0	49.4326
본의	0	49.3976
서포터스	0	49.3626
중용	0	49.3984
제압	0	49.4342
배신	0	49.47
자산	1	49.5056
공통	0	49.5413
서리태	0	49.5769
현명	1	49.6124
구경	0	49.5775
입법	0	49.5426
한눈	0	49.5781
기사	1	49.5432
디자이너	0	49.5787
변경	1	49.5439
엑스포	0	49.5792
선수	1	49.5445
단독	1	49.5798
항저우	0	49.6151
팔미라	0	49.6503
고수	1	49.6855
석상	0	49.6508
열망	0	49.6162
발생	0	49.5816
센터	1	49.547
스릴	0	49.5822
역무	0	49.5477
노사	0	49.5828
신원	0	49.5483
지각	0	49.5833
치매	0	49.5489
본국	0	49.5839
당초	0	49.6188
꿈	1	49.6537
보급	1	49.6886
고전	1	49.6542
가드	0	49.689
추종	0	49.6547
코스타리카	0	49.6894
유종	0	49.7241
풍습	0	49.6899
기종	0	49.6556
펜션	0	49.6215
판단	1	49.5873
수류탄	0	49.5533
외모	0	49.5879
득표	0	49.5539
콩	0	49.5199
박막	0	49.4859
중국	1	49.5205
초소	0	49.4867
연설	0	49.5212
집단	0	49.4874
화물	0	49.5219
시시각각	0	49.4881
확립	1	49.5225
명심	0	49.5569
지부	0	49.5232
난도	0	49.5575
매개	0	49.5918
소비	1	49.6261
작동	0	49.5924
각자	0	49.5587
장비	1	49.5929
본명	0	49.6271
법안	0	49.5935
교비	0	49.5599
불편	1	49.594
약사	0	49.6281
배구	0	49.5946
레이스	0	49.5611
거실	0	49.5951
간격	0	49.5617
유서	0	49.5957
치료	0	49.6296
근거	1	49.5962
느낌	0	49.6301
코픽스	0	49.664
승마	0	49.6306
만일	0	49.5973
현판	0	49.6311
취향	0	49.5979
북풍	0	49.6316
지급	0	49.6653
호르몬	0	49.699
부시	0	49.6658
민초	0	49.6994
후기	1	49.733
목동	0	49.6998
자부	0	49.7333
시스템	0	49.7668
스페인	0	49.8003
팀	1	49.8337
기금	0	49.867
해상	0	49.9003
대세	0	49.9336
오명	0	49.9005
고구려	0	49.9337
디클로르보스	0	49.9006
볼륨	1	49.9338
번호	1	49.9007
특혜	0	49.8677
인턴십	0	49.8348
유례	0	49.8018
합성	1	49.769
직계	0	49.8021
적합	0	49.7693
온건	0	49.8024
처형	1	49.7696
가와사키	0	49.7368
다윗	0	49.7699
아르피	0	49.8029
파이낸싱	0	49.8359
육탄	0	49.8688
게바라	0	49.9016
의류	0	49.9345
나락	0	49.9018
지오피	0	49.9346
체질	0	49.9673
원점	0	50.0
악성	0	50.0327
원인	1	50.0
난국	0	50.0326
상권	1	50.0652
돼지	0	50.0977
티베트	0	50.0651
통치	0	50.0976
반영	1	50.065
뉴질랜드	0	50.0975
불응	0	50.1299
에어버스	0	50.0973
엄존	0	50.0649
대행	1	50.0972
실세	0	50.0648
국익	0	50.0324
북부	0	50.0647
강북	0	50.097
적발	1	50.1292
태피스트리	0	50.0968
일자	1	50.129
평론	0	50.1612
지평	0	50.1933
세르비아	0	50.2254
어귀	0	50.2574
이코노미스트	0	50.2894
독단	0	50.2571
발언	1	50.2248
하천	0	50.2567
표시	1	50.2886
환수	1	50.2564
즉시	0	50.2883
중독	1	50.3201
맥락	0	50.3519
디지털	0	50.3836
뇌	0	50.3514
의결	0	50.3831
건립	1	50.4148
무능	0	50.4464
컨디션	0	50.4143
철통	0	50.3822
심금	0	50.3501
원폭	0	50.3817
카페	1	50.4132
장식	0	50.4447
치사	0	50.4762
인질	0	50.5076
무함마드	0	50.539
야구	0	50.5703
역	1	50.5383
내수	0	50.5696
냄새	0	50.6009
등장	1	50.6321
도래	0	50.6001
달인	0	50.5682
주로	0	50.5363
세후	0	50.5044
입대	0	50.4726
파열	0	50.4408
개선	1	50.4091
동급	0	50.4403
자진	0	50.4714
세원	0	50.5025
민변	0	50.5336
임	1	50.5646
문명	1	50.5329
진도	1	50.5639
계급	0	50.5949
가보	0	50.5632
시멘트	0	50.5316
규제	1	50.5
노후	1	50.4685
인류	1	50.4994
함선	0	50.5303
가속	0	50.5611
전승	0	50.5919
신선	0	50.6227
세제	0	50.5912
학년	0	50.5597
분단	0	50.5283
수염	0	50.4969
모기	0	50.5276
스코어	0	50.4963
캠프	1	50.527
일기	1	50.5576
토론	0	50.5263
원심	0	50.5569
후손	0	50.5875
안변	0	50.618
선택	1	50.6485
환희	0	50.679
이자	0	50.6477
작태	0	50.6165
자취	0	50.647
전역	1	50.6773
수일	0	50.7077
충북	0	50.738
토종	0	50.7683
즐거움	0	50.7985
주중	0	50.8287
거짓	0	50.7975
빚	0	50.8277
씨족	0	50.7966
도내	0	50.7655
저장	1	50.7956
여명	0	50.7645
이제	1	50.7335
사냥	0	50.7025
남성	0	50.6716
우크라이나	0	50.6406
유교	0	50.6707
접전	0	50.7008
왕	0	50.6699
농락	0	50.6391
유류	0	50.6691
경기	1	50.6383
병실	0	50.6075
내신	0	50.6375
스쿼시	0	50.6068
성사	1	50.6367
임대	0	50.6061
정회	0	50.636
카사블랑카	0	50.6659
문란	0	50.6352
본부	0	50.6651
음미	0	50.6344
안과	0	50.6643
특위	0	50.694
뮤지컬	0	50.6634
티브이	0	50.6932
과실	0	50.6627
혜안	0	50.6924
노승	0	50.722
제동	0	50.6915
립장	0	50.6611
오	1	50.6306
엘리트	0	50.6603
달걀	0	50.6899
운행	1	50.6595
부천	0	50.6291
지배	1	50.5988
방치	1	50.5685
문제	1	50.5383
안경	1	50.5678
터	0	50.5974
세비	0	50.6269
사이코패스	0	50.6563
에이전시	0	50.6261
망자	0	50.5959
지불	1	50.5658
연휴	0	50.5952
정면	0	50.6246
산	0	50.654
소명	1	50.6239
전용	1	50.5938
어깨	0	50.6231
추첨	0	50.6524
법통	0	50.6817
위협	0	50.7109
진압	0	50.6809
증인	1	50.6509
학비	0	50.6801
종이	0	50.6501
전진	0	50.6202
절정	0	50.5903
고기	0	50.6195
탈레반	0	50.5896
학력	0	50.6187
시집	0	50.5889
걸음	1	50.618
개런티	0	50.6471
항의	1	50.6761
이념	0	50.6463
로테이션	0	50.6753
채택	0	50.6455
밀착	0	50.6745
지탱	0	50.6448
북남	0	50.6151
사랑	1	50.644
조치	1	50.6144
편	0	50.5848
퇴출	0	50.6137
가름	0	50.6425
인장	0	50.613
상승	1	50.5834
재연	1	50.5539
광구	0	50.5245
발음	0	50.495
집계	0	50.5239
짝	1	50.5526
탑재	1	50.5233
경실련	0	50.552
근본	0	50.5807
상점	0	50.5514
온라인	0	50.522
수수	1	50.4928
정돈	0	50.5214
심리	1	50.5501
비하	0	50.5787
임의	0	50.6073
문항	0	50.578
상	1	50.6066
추격	0	50.5774
교토	0	50.5482
서면	0	50.519
양	1	50.5476
심층	0	50.5184
이론	0	50.4893
정보	1	50.4603
독성	1	50.4313
심통	0	50.4023
증세	1	50.4308
처남	0	50.4592
유속	0	50.4303
정원	1	50.4587
카지노	0	50.4871
검사	1	50.5155
타박	0	50.4865
취재	0	50.5149
기원	1	50.486
코스닥	0	50.5143
말경	0	50.4854
재능	0	50.4566
척결	0	50.4849
민족	0	50.5131
이외	0	50.5413
무리	1	50.5695
교화소	0	50.5976
동원	1	50.5688
위원	0	50.5969
고난	0	50.625
코드	0	50.653
대가	1	50.681
오엘이디	0	50.709
신설	0	50.737
대담	0	50.7649
수포	0	50.7928
소리	1	50.8206
우유	0	50.7919
모집	0	50.8197
방종	0	50.791
노인	0	50.7623
거사	0	50.7901
어	0	50.7614
불가	0	50.7328
포토샵	0	50.7606
가난	0	50.7883
효력	1	50.7597
진보	0	50.7874
성분	0	50.8151
개원	1	50.8427
칸	0	50.8141
최악	0	50.7856
차체	0	50.7572
모금	0	50.7287
습기	0	50.7003
유능	0	50.6719
도산	1	50.6435
유로	0	50.6152
격분	0	50.5869
별	1	50.6145
카르텔	0	50.6421
강공	0	50.6138
명물	0	50.6414
의거	0	50.6132
진행	1	50.585
가족	1	50.6125
나약	0	50.5843
야근	0	50.6118
후면	0	50.5837
포장	0	50.6111
전제	0	50.6385
구원	0	50.6104
백제	0	50.6378
동점	0	50.6652
관성	0	50.6371
폭우	0	50.6091
파나마	0	50.6364
동해	0	50.6084
해결	1	50.6357
위축	1	50.663
초대	1	50.635
열람	0	50.6071
프루스트	0	50.6343
후방	0	50.6615
발간	0	50.6336
참사	1	50.6608
임금	0	50.6879
인터넷	0	50.6601
절상	0	50.6322
공석	1	50.6593
애정	1	50.6315
천막	0	50.6037
과격	0	50.6308
교원	0	50.6031
약속	0	50.5753
입당	0	50.5476
감각	0	50.52
비거	0	50.547
주눅	0	50.5194
현찰	0	50.4918
만두	0	50.5188
책자	0	50.5459
강간	0	50.5728
고로	0	50.5998
기능	1	50.5722
충신	0	50.5447
주관	1	50.5171
내각	0	50.5441
학창	0	50.571
정권	1	50.5978
한정	0	50.6247
신고	1	50.6515
통산	0	50.624
일행	0	50.6508
실사	0	50.6233
입지	1	50.6501
코팅	0	50.6226
빈티지	0	50.6494
해산	1	50.676
승소	0	50.7027
주부	0	50.7293
편지	0	50.7559
아틀라스	0	50.7825
경찰	1	50.7551
다롄	0	50.7278
국사	0	50.7543
고용	1	50.7808
곡	1	50.7535
균열	0	50.7262
단층	0	50.6989
브리핑	0	50.7254
실증	0	50.6982
계정	1	50.7246
명량	0	50.7511
마빈스	0	50.7775
권총	0	50.7503
최선	1	50.7766
복역	0	50.7495
쓰나미	0	50.7223
매사	0	50.6952
공정	1	50.7215
인간	1	50.6944
인천	0	50.6674
정조	0	50.6403
증상	0	50.6667
뉴욕	0	50.6397
목회	0	50.666
폐차	0	50.639
향배	0	50.6652
은행	1	50.6383
각별	0	50.6645
나머지	1	50.6908
코스	1	50.6638
심	1	50.6369
식구	1	50.6101
비소	0	50.5832
사유	0	50.5564
재직	0	50.5297
오찬	0	50.5558
미술	0	50.582
목포	0	50.6081
집전	0	50.5814
호명	0	50.5547
전과	1	50.528
관행	1	50.5541
관계	1	50.5802
부당	1	50.5535
출근	0	50.5269
침범	0	50.5003
레이저	0	50.5263
정박	0	50.5523
최상	0	50.5258
계층	0	50.4992
선령	0	50.4727
헤어스타일	0	50.4462
기저귀	0	50.4197
우정	0	50.3933
논조	0	50.3669
밖	1	50.3929
전복	0	50.3665
외교	0	50.3401
백석	0	50.3661
해머	0	50.3398
검진	0	50.3657
달러	0	50.3916
중립	1	50.4175
과잉	0	50.4434
뉴요커	0	50.4692
렌더링	0	50.4429
모텔	0	50.4167
장병	0	50.3904
자급	0	50.4162
클라우드	0	50.39
대남	0	50.4158
오빠	0	50.3896
답장	0	50.3634
트렌드	0	50.3373
절전	0	50.3112
바보	0	50.337
힘	1	50.3109
잉어	0	50.2848
해커	0	50.3106
시름	0	50.3363
선동	0	50.3102
투구	0	50.3359
표정	0	50.3616
팔	0	50.3356
사체	0	50.3096
연인	0	50.2837
와인	0	50.2577
욕심	0	50.2834
맹타	0	50.309
검문	0	50.3345
오답	0	50.3601
동참	0	50.3856
비행	0	50.3597
극장	0	50.3852
막내	0	50.4107
여과	0	50.3848
그룹	1	50.4103
수술	0	50.3844
소복	0	50.3586
광고	1	50.3328
청중	0	50.3582
국세	0	50.3325
출자	0	50.3579
공습	0	50.3321
시가	0	50.3575
배달	0	50.3318
자녀	0	50.3571
기반	1	50.3315
분신	0	50.3058
선출	0	50.2802
작전	1	50.2546
먼지	0	50.2799
서기	0	50.3052
인솔	0	50.2796
구사	1	50.2541
서	1	50.2285
지수	1	50.203
축소	1	50.2283
계열	0	50.2535
정산	0	50.2788
유신	0	50.304
동등	0	50.2785
반찬	0	50.3036
남미	0	50.2782
행각	0	50.3033
밴드	0	50.2779
벼	0	50.303
공문	0	50.2776
참패	0	50.3027
영역	0	50.2774
괴상	0	50.252
딜레마	0	50.2267
노총	0	50.2518
필리핀	0	50.2768
오늘	1	50.2515
모방	0	50.2765
어머니	1	50.2513
국면	0	50.226
소형	0	50.251
열도	1	50.2258
맥아더	0	50.2006
훈육	0	50.2256
출구	0	50.2505
각론	0	50.2754
총무	0	50.3003
전권	0	50.2751
평탄	0	50.3
흉측	0	50.2749
조선	1	50.2997
미녀	0	50.3245
착용	0	50.2994
산업	0	50.2743
은유	0	50.2991
하이커우	0	50.3239
창법	0	50.2988
작업	1	50.2738
주력	1	50.2488
마케팅	0	50.2735
해충	0	50.2982
때	1	50.2732
원가	1	50.2483
미얀마	0	50.2233
상상	0	50.1984
통영	0	50.2231
농촌	0	50.1982
전관	0	50.2229
절차	1	50.2475
준용	0	50.2721
유니폼	1	50.2967
암	1	50.3213
재고	0	50.3458
단정	0	50.321
음모	0	50.2962
독주	1	50.3207
문장	1	50.2959
설비	0	50.2711
차장	1	50.2956
장악	0	50.2708
프리미엄	0	50.2461
강사	0	50.2213
오사카	0	50.1967
코베인	0	50.2211
충칭	0	50.1965
동상	0	50.1718
역지사지	0	50.1472
꼴찌	0	50.1226
사	1	50.098
우화	0	50.0735
빌딩	0	50.0979
산실	0	50.0734
봅슬레이	0	50.0489
호사	0	50.0733
전국	1	50.0489
미달	0	50.0733
삭감	0	50.0977
확대	1	50.122
기약	0	50.1463
포획	0	50.1706
포함	1	50.1949
감정	1	50.1705
자매	0	50.1947
동부	1	50.219
원시	0	50.2432
최신	0	50.2674
에티오피아	0	50.2915
폭로	0	50.2671
여가	0	50.2427
편곡	0	50.2669
산둥	0	50.2425
로켓	0	50.2666
정오	0	50.2422
일괄	0	50.2663
뜻	1	50.242
노장	1	50.2661
민심	0	50.2901
톱	0	50.3142
투고	0	50.3382
임용	1	50.3621
운세	0	50.3378
여단	0	50.3136
야유	0	50.3375
학기	0	50.3614
육류	0	50.3854
소양	0	50.3611
첼리스트	0	50.385
사이클론	0	50.3608
본래	0	50.3365
호재	1	50.3123
계곡	0	50.3362
교칙	0	50.312
출품	0	50.2879
전체	0	50.3118
원고	1	50.3356
바우처	0	50.3594
출간	0	50.3831
절감	0	50.4069
찬양	0	50.3828
적임	0	50.3587
덕	1	50.3824
예측	0	50.3583
염증	0	50.3343
위스키	0	50.3103
가공	0	50.2863
협찬	0	50.31
싱가포르	0	50.286
의지	1	50.3097
완벽	0	50.3333
편법	0	50.357
성품	0	50.333
훼손	1	50.3091
관람	0	50.2852
박탈	0	50.2613
해고	0	50.2374
연암	0	50.261
천명	0	50.2846
탈세	0	50.2608
남극	0	50.237
알선	0	50.2132
컨트롤	1	50.1894
수립	0	50.1656
정리	1	50.1419
공수	0	50.1655
제소	0	50.1418
여야	0	50.1181
캐시	0	50.0944
절도	0	50.118
바리스타	0	50.0943
모녀	0	50.1179
허무	0	50.0943
공동	1	50.0707
저력	0	50.0942
지속	1	50.0706
운임	0	50.0941
팔순	0	50.0705
고가	1	50.047
표지	0	50.0705
보석	1	50.0939
교역	0	50.0704
주택	1	50.0469
용도	0	50.0234
단기	0	50.0
파고	0	49.9766
물성	0	50.0
포석	1	50.0234
공장	1	50.0468
임플란트	0	50.0234
슬럼프	0	50.0467
고성	0	50.0701
융통	0	50.0467
정의	1	50.0233
아부다비	0	50.0
보너스	0	50.0233
난센스	0	50.0
초딩	0	50.0233
작품	1	50.0
신	1	50.0233
원한	0	50.0465
강단	0	50.0697
소재	1	50.0465
유의	0	50.0232
예년	0	50.0
선생	1	50.0232
차제	0	50.0
전무	0	50.0232
이민	0	50.0463
인접	0	50.0695
무선	0	50.0463
불륜	0	50.0231
유일	0	50.0463
독립	1	50.0693
소프트웨어	0	50.0924
월간	0	50.1155
시인	1	50.0923
위배	0	50.0692
입항	0	50.0461
오디오	0	50.0231
보슈	0	50.0461
통지	0	50.023
녹음	0	50.046
국한	0	50.069
공룡	0	50.046
파라다이스	0	50.023
접대	0	50.0
착안	0	50.023
시선	1	50.0
예수	0	50.0229
도금	0	50.0459
적폐	0	50.0688
직진	0	50.0917
세른	0	50.0687
터빈	0	50.0458
전송	0	50.0229
상환	0	50.0
서명	1	50.0229
수행	1	50.0
나노	0	50.0228
김해	0	50.0
분투	0	49.9772
취득	0	50.0
채취	1	50.0228
의견	1	50.0
극복	0	49.9772
혈서	0	50.0
진출	1	49.9772
경향	1	50.0
메시지	1	50.0227
시야	1	50.0
탄압	0	50.0227
평등	0	50.0
화합	1	50.0227
월	1	50.0454
관영	0	50.068
누적	0	50.0907
학업	0	50.068
운운	0	50.0453
렌터카	0	50.0679
개교	0	50.0452
경연	0	50.0226
영세	0	50.0452
참전	0	50.0678
진의	0	50.0452
오마주	0	50.0677
선발	1	50.0903
범인	0	50.0677
타이어	0	50.0451
조기	0	50.0225
용퇴	0	50.045
골프	0	50.0225
창피	0	50.045
노력	1	50.0225
한예종	0	50.045
쇼	1	50.0674
촬영	0	50.0449
혈액	0	50.0674
논어	0	50.0898
유머	0	50.1122
앙코르	0	50.0897
평가	1	50.0672
연고	0	50.0448
현재	1	50.0672
질문	0	50.0448
종단	0	50.0671
보부아르	0	50.0894
베네수엘라	0	50.1118
보복	0	50.134
격려	0	50.1117
일념	0	50.1339
계파	0	50.1562
펜스	0	50.1784
게릴라	0	50.2006
심경	0	50.2228
베트남	0	50.2004
초등	0	50.1781
보조	0	50.2003
근무	1	50.1779
능력	1	50.1556
투타	0	50.1778
닷새	0	50.1999
대선	1	50.1776
공항	0	50.1553
음성	0	50.1331
위상	0	50.1552
현지	1	50.1773
대조	0	50.1994
반격	0	50.1771
도심	0	50.1992
식당	1	50.177
모습	1	50.199
다이어트	0	50.221
비대	0	50.243
취미	0	50.265
연초	0	50.2428
대출	1	50.2207
신문	1	50.2426
충실	1	50.2205
디자인	0	50.1983
오페라	0	50.2203
스노보드	0	50.1982
파벌	0	50.2201
이탈리아	0	50.242
기법	0	50.2639
부패	0	50.2418
궐기	0	50.2197
대대	0	50.1976
보험	0	50.2195
환기	0	50.2413
소폭	0	50.2193
탈락	0	50.1973
백색	0	50.1753
스코틀랜드	0	50.1971
장남	0	50.2189
라운드	0	50.1969
토마토	0	50.2187
일생	0	50.2405
절창	0	50.2622
자정	0	50.2403
전문	1	50.2183
권리	0	50.2401
기도	1	50.2618
법원	0	50.2835
테마	0	50.3051
화천	0	50.2832
밀양	0	50.3049
단편	0	50.3265
재심	1	50.3046
재범	0	50.3262
팬	0	50.3043
오후	1	50.2825
공전	0	50.3041
한인	0	50.3257
타선	0	50.3472
엘리베이터	0	50.3254
뼈	0	50.3469
위락	0	50.3251
노무	0	50.3466
전모	0	50.3248
남편	1	50.3463
카메오	0	50.3678
준수	0	50.346
강원	0	50.3243
시세	0	50.3457
면	1	50.3672
가사	0	50.3454
흠	0	50.3669
화분	0	50.3883
매듭	0	50.4097
숙식	0	50.3879
자유	1	50.3662
부임	0	50.3445
라면	0	50.3229
유예	1	50.3012
결의	0	50.2796
안전	0	50.3009
송	1	50.3223
호수	0	50.3007
서한	0	50.322
차질	1	50.3004
검거	0	50.2789
부양	1	50.2573
대망	0	50.2357
피곤	0	50.2142
왕족	0	50.1927
한은	0	50.1712
막대기	0	50.1498
테니스	0	50.1283
판매	0	50.1496
변모	1	50.1709
조합	1	50.1495
지하	0	50.1281
숙청	0	50.1494
대치	0	50.128
코스피	0	50.1493
다리	1	50.1279
무역	0	50.1065
추출	1	50.0852
화폐	0	50.1064
장기	1	50.0851
지류	0	50.1063
윤기	0	50.1276
서해	0	50.1062
발문	0	50.085
책무	0	50.0637
국채	0	50.0424
신년	0	50.0636
환급	0	50.0424
확정	1	50.0636
사립	0	50.0847
드라이버	0	50.1059
교환	0	50.127
어민	0	50.1481
출연	1	50.1692
법인	0	50.1903
내역	0	50.2113
지금	1	50.2324
모스크	0	50.2111
전락	1	50.19
구분	1	50.1688
시술	0	50.1898
자원	1	50.1686
자제	1	50.1475
발주	0	50.1685
조사	1	50.1895
허	0	50.2104
항구	0	50.2314
핸디	0	50.2523
매몰	0	50.2732
봉	0	50.2941
총수	0	50.315
불안	1	50.2939
범죄	0	50.3147
갱신	0	50.3356
재원	0	50.3564
궤도	0	50.3772
부업	0	50.3561
주민	1	50.335
카테터	0	50.3139
학장	0	50.2929
아프간	0	50.2719
탈당	0	50.2926
사인	0	50.3134
미국	1	50.2924
한일	0	50.3132
기존	0	50.3339
신분	1	50.3129
도쿄	0	50.2919
행사	1	50.3126
개방	1	50.3333
봉지	0	50.354
실전	0	50.3747
비밀	0	50.3953
판로	0	50.3744
광부	0	50.3534
정당	1	50.3741
식량	0	50.3947
최다	0	50.3738
출가	0	50.3528
보카치오	0	50.332
사전	1	50.3526
면허	0	50.3317
숙지	0	50.3523
도판	0	50.3314
의대	0	50.3106
전철	0	50.3311
걱정	0	50.3103
일치	0	50.2895
못	0	50.2687
보도	1	50.2479
문체	0	50.2272
불미	0	50.2477
유에스	0	50.227
방조	1	50.2475
은퇴	0	50.268
로고	0	50.2885
준공	0	50.2678
사태	1	50.2471
코너링	0	50.2676
미완	0	50.2881
생사	0	50.3085
지혜	0	50.3289
모리타니	0	50.3494
칩	0	50.3698
상가	1	50.3901
호선	0	50.4105
규탄	0	50.3898
기간	1	50.4102
실체	0	50.3895
눈	1	50.3689
퇴임	0	50.3482
차별	0	50.3276
일관	0	50.307
행동	0	50.2864
밸런스	0	50.2658
과장	1	50.2862
학살	0	50.3065
교재	0	50.2859
약국	0	50.2654
화타	0	50.2857
비치	0	50.2652
군부	0	50.2447
원로	0	50.265
초역	0	50.2852
지주	0	50.3055
수비	0	50.285
주요	0	50.3053
영위	0	50.3255
세금	0	50.305
내레이션	0	50.3252
율곡	0	50.3048
도축	0	50.3249
기록	1	50.3451
육상	1	50.3247
완전	0	50.3043
체화	0	50.3244
무관	0	50.304
처사	0	50.2836
비리	1	50.3038
대륙	0	50.3239
하위	0	50.344
네트워킹	0	50.3641
솔루션	0	50.3841
자질	0	50.4042
명언	0	50.4242
동일	0	50.4039
현미	0	50.3835
석사	0	50.3632
마스터스	0	50.3832
이력	0	50.4032
홍콩	1	50.3829
국악	0	50.3626
멤버	0	50.3826
반사	0	50.3623
청사	0	50.3421
어류	0	50.3218
재수	0	50.3418
통과	1	50.3215
선교	1	50.3013
문학	0	50.3213
실형	0	50.3412
복종	0	50.321
구비	0	50.341
선원	1	50.3208
소음	0	50.3407
덩크	0	50.3606
교전	0	50.3805
편대	0	50.4003
침묵	0	50.3802
친서	0	50.36
대한	0	50.3798
마련	1	50.3997
경품	0	50.4195
국민	1	50.4393
게이트	0	50.4591
활용	1	50.4389
불좌	0	50.4188
파문	0	50.3987
승격	0	50.3786
중단	1	50.3586
황제	1	50.3783
원정	1	50.3583
휴대	0	50.378
영혼	1	50.3978
형제	0	50.4175
두통	0	50.4372
코트라	0	50.4569
암시	0	50.4766
염치	0	50.4565
장면	1	50.4762
프로	1	50.4958
세율	0	50.4758
라이선스	0	50.4954
성장	1	50.4754
자국	1	50.4554
패치	0	50.4355
면도	0	50.4155
초청	1	50.4351
관광	1	50.4152
땅	1	50.4348
전통문	0	50.4544
팸플릿	0	50.4739
군기	0	50.4935
봉직	0	50.4736
메뉴	0	50.4931
귀순	0	50.5126
천박	0	50.5321
국회	1	50.5516
요르단	0	50.5317
가능	1	50.5512
야당	0	50.5706
방한	1	50.5507
리노	0	50.5309
작성	1	50.5503
어려움	0	50.5305
본격	0	50.5106
여신	0	50.53
토지	0	50.5495
도민	0	50.5296
연결	1	50.549
학연	0	50.5684
시설	0	50.5486
감동	0	50.5288
기점	0	50.509
단	1	50.4892
출석	0	50.4695
차종	0	50.4497
품성	0	50.4691
국부	0	50.4885
구성	1	50.4687
첼로	0	50.4881
복도	0	50.4684
직행	0	50.4487
주석단	0	50.468
합작	1	50.4483
법규	0	50.4677
동진	0	50.448
횡포	0	50.4283
실직	0	50.4087
방귀	0	50.428
방언	0	50.4084
아동	0	50.4277
완충	0	50.4081
외출	0	50.4274
천만	0	50.4466
쿠바	0	50.4658
연전	0	50.4463
당직	0	50.4267
둔감	0	50.4071
생태	0	50.4264
약품	0	50.4068
근로	0	50.426
기분	1	50.4452
도약	1	50.4257
관건	1	50.4449
조례	0	50.464
북미	0	50.4832
혼자	0	50.4637
별개	0	50.4828
서비스	1	50.5019
코란	0	50.4824
친밀	0	50.463
내년	0	50.4435
블록	0	50.4241
적응	1	50.4432
이유	1	50.4622
육성	0	50.4428
살상	0	50.4234
증차	0	50.404
시계	0	50.4231
하얼빈	0	50.4421
구역	1	50.4612
성명	1	50.4802
태세	0	50.4992
잡초	0	50.4798
대국	1	50.4605
고궁	0	50.4795
당사	0	50.4985
군	1	50.4791
숨	1	50.4981
동독	0	50.4787
까닭	0	50.4594
지침	0	50.4784
오븐	0	50.4973
부각	1	50.478
참모	0	50.4587
중심	1	50.4394
겸손	0	50.4202
가치	1	50.4009
등정	0	50.3817
모성	0	50.3625
국고	0	50.3432
공기	1	50.3622
새벽	0	50.343
직접	0	50.3238
남측	0	50.3046
체크	0	50.3236
중대	1	50.3425
치마	0	50.3233
교민	0	50.3422
생강	0	50.3231
관장	1	50.3419
월세	0	50.3228
출소	0	50.3037
차이	0	50.2846
두려움	0	50.2656
오스트리아	0	50.2844
신랑	1	50.3033
주한	0	50.3221
아내	0	50.303
적법	0	50.284
부장	1	50.265
동기	1	50.2838
기권	0	50.3026
티오프	0	50.3214
기형	0	50.3023
아들	0	50.2833
조정	1	50.3021
월급	0	50.2831
묘원	0	50.2642
소년	0	50.2829
허사	0	50.3017
농장	1	50.2827
고민	0	50.3014
브라우저	0	50.2825
포르노	0	50.2636
특정	0	50.2446
고객	1	50.2634
측정	0	50.2445
악	0	50.2632
인지	0	50.2443
넷북	0	50.263
증시	0	50.2816
진산	0	50.3003
상표	0	50.3189
퇴직	0	50.3376
협회	0	50.3187
지디피	0	50.2999
붕괴	0	50.3185
실적	0	50.3371
처우	0	50.3557
두부	0	50.3743
아쿠아리움	0	50.3554
실물	0	50.3366
대회	1	50.3551
수색	1	50.3737
초심	0	50.3922
균형	0	50.4108
셰프	0	50.4293
당파	0	50.4478
적성	1	50.4662
겁	0	50.4847
독대	0	50.4659
허리케인	0	50.4844
대책	1	50.4655
몰수	0	50.4468
복지	0	50.428
미사	0	50.4464
전단	0	50.4277
극동	0	50.4089
심문	1	50.3902
기적	1	50.4086
군비	0	50.3899
백련	0	50.3712
아름다움	0	50.3896
허가	1	50.408
캠퍼스	0	50.3893
천체	0	50.4077
장려	0	50.4261
질소	0	50.4074
폭주	0	50.3887
학급	0	50.4071
출판	0	50.3885
황후	0	50.3698
증거	1	50.3512
퇴위	0	50.3695
착각	0	50.3509
간찰	0	50.3693
정장	0	50.3876
쟁점	0	50.369
폭발	1	50.3504
비료	0	50.3687
청탁	1	50.387
패배	0	50.3685
여군	0	50.3867
전술	0	50.3682
게임	1	50.3497
브레턴우즈	0	50.3311
연간	1	50.3126
조금	0	50.3309
이하	1	50.3124
일사불란	0	50.3306
탄력	0	50.3489
퍼포먼스	0	50.3304
성격	1	50.3486
골	1	50.3668
변종	0	50.3484
하비	0	50.3299
곡물	0	50.3115
내비게이션	0	50.293
대문	0	50.2746
낙찰	0	50.2562
헨델	0	50.2378
항소	1	50.256
사우디	0	50.2377
삼	0	50.2193
화제	1	50.2375
보훈	0	50.2191
소개	1	50.2008
해촉	0	50.219
시애틀	0	50.2371
위인	0	50.2188
용서	0	50.2005
축전	0	50.1822
이직	0	50.2004
본	0	50.2185
패	0	50.2366
거부	1	50.2183
착지	0	50.2001
불행	1	50.2182
유세	0	50.2363
휴무	0	50.218
상주	1	50.1998
성토	0	50.2179
신체	0	50.2359
완급	0	50.254
절	1	50.2358
폭력	0	50.2538
형편	1	50.2718
김	1	50.2536
약관	0	50.2354
등록	1	50.2534
건성	0	50.2353
군벌	0	50.2171
저가	0	50.1989
영장	0	50.2169
급변	0	50.2349
과	0	50.2168
복구	0	50.2347
태업	0	50.2527
난로	0	50.2707
중세	0	50.2525
메모	0	50.2344
주연	1	50.2163
수요	1	50.1982
군경	0	50.2161
애초	1	50.2341
협조	1	50.216
대리	1	50.2339
손상	0	50.2518
취하	0	50.2697
리모델링	0	50.2876
복권	1	50.3054
거금	0	50.3233
하사	0	50.3052
부도	0	50.323
수협	0	50.3409
침략	0	50.3587
혼재	0	50.3406
표본	0	50.3226
연합	0	50.3404
시신	0	50.3582
식단	0	50.3759
애국	0	50.3579
연말	0	50.3399
근육	0	50.3219
채	0	50.3396
메신저	0	50.3574
의총	0	50.3394
생계	0	50.3214
리더십	0	50.3392
포인트	1	50.3569
베를린	0	50.3389
홍보	1	50.321
감독	1	50.303
돈	1	50.3207
평균	0	50.3384
강릉	1	50.3205
심정	0	50.3382
결함	0	50.3203
나사렛	0	50.338
숙부	0	50.3201
대접	0	50.3377
중앙	1	50.3554
공인	0	50.373
폐해	0	50.3906
통한	0	50.3727
한니발	0	50.3549
상징	0	50.337
프로젝트	1	50.3191
조업	0	50.3368
외곽	0	50.3544
인프라	0	50.3719
거론	0	50.3895
수정	1	50.4071
침공	1	50.3892
오거스타	0	50.4068
캐스팅	0	50.389
원안	0	50.3712
잭슨	0	50.3887
극도	0	50.3709
북한	1	50.3884
선조	0	50.4059
본체	0	50.4234
순검	0	50.4056
상공	0	50.4231
산모	0	50.4054
이니셔티브	0	50.4228
금상	0	50.4403
올	1	50.4577
목차	0	50.4752
임신	0	50.4926
치과	0	50.51
하마스	0	50.5274
하순	0	50.5097
콘퍼런스	0	50.5271
상소	0	50.5444
분위기	1	50.5618
자택	0	50.5792
귀기	0	50.5965
편중	0	50.6138
피칭	0	50.5961
채굴	0	50.5783
구형	0	50.5957
액세서리	0	50.5779
요청	1	50.5952
스타	0	50.6125
부응	0	50.6298
꼬투리	0	50.6121
공상	0	50.5944
채널	1	50.5767
보존	0	50.559
무과	0	50.5414
세자	0	50.5237
이메일	0	50.5061
소아	0	50.5234
한류	0	50.5406
진가	0	50.523
하노버	0	50.5403
매	0	50.5575
판례	0	50.5747
결론	0	50.5571
모토	0	50.5743
운전	0	50.5915
폭증	0	50.6087
음악	0	50.6259
똥	0	50.643
비닐	0	50.6254
단언	0	50.6078
상설	0	50.625
상병	0	50.6421
자체	1	50.6593
묘수	0	50.6764
격리	0	50.6588
적극	0	50.6759
지망	0	50.6584
남녀	0	50.6754
사용	1	50.6925
전선	1	50.675
이전	1	50.6574
토대	0	50.6399
마스크	0	50.657
면담	0	50.6395
잠	0	50.622
사규	0	50.639
물질	0	50.6561
아날로그	0	50.6386
아교	0	50.6211
핸드백	0	50.6037
곽	0	50.5862
친구	1	50.5688
피아노	0	50.5858
니켈	0	50.6028
내면	0	50.6198
산발	0	50.6368
부과	1	50.6538
얼	0	50.6708
여세	0	50.6534
생텍쥐페리	0	50.6703
끈	0	50.6873
그렉시트	0	50.7042
토양	1	50.6868
운송	0	50.6694
차례	1	50.6863
체코	0	50.7033
증원	0	50.7202
봄	0	50.7028
무늬	0	50.7197
과속	0	50.7023
특진	0	50.7192
도중	0	50.736
트로피	0	50.7529
개의	0	50.7698
말씀	1	50.7524
음료	0	50.735
웹	0	50.7177
개업	0	50.7004
화재	0	50.6831
교류	0	50.6999
과다	0	50.6826
법사위	0	50.6994
행진	1	50.7162
계좌	0	50.733
고려	1	50.7498
고통	0	50.7666
교란	0	50.7493
핸디캡	0	50.7661
피의	0	50.7828
조화	1	50.7996
본사	0	50.8163
부가	0	50.833
고장	1	50.8498
폰	0	50.8665
며칠	0	50.8832
당정	0	50.8998
어휘	0	50.9165
노출	1	50.8992
권유	0	50.882
영어	1	50.8986
이슈	0	50.9153
경험	1	50.898
고분	0	50.8808
적용	0	50.8635
불상	0	50.8463
주권	0	50.8629
기부	0	50.8796
각목	0	50.8624
그림	0	50.8452
잔인	0	50.8618
지적	1	50.8446
포집	0	50.8612
검찰	1	50.8778
명동	0	50.8944
체취	0	50.8772
예의	1	50.86
지뢰	0	50.8429
향후	0	50.8595
신경	1	50.8423
전형	0	50.8589
납북	0	50.8418
락까	0	50.8246
아이콘	0	50.8412
삼남	0	50.8577
유포	0	50.8406
인내	0	50.8571
정비	1	50.8737
역할	1	50.8902
주변	1	50.8731
가지	1	50.8896
초과	0	50.8725
용출	0	50.8554
야간	0	50.8384
카슨	0	50.8548
특수	0	50.8713
실무	0	50.8543
초안	0	50.8707
파도	0	50.8872
기운	1	50.9036
회초리	0	50.8866
지표	0	50.8696
최종	0	50.8526
산학	0	50.8356
남용	0	50.852
시대	1	50.8684
군림	0	50.8514
담임	0	50.8344
출제	0	50.8509
타결	0	50.8672
결산	0	50.8503
철회	0	50.8667
난민	0	50.883
성적	1	50.8994
방망이	0	50.9158
추산	0	50.9321
특채	0	50.9151
등대	0	50.8982
재갈	0	50.8813
칠기	0	50.8976
윈윈	0	50.8807
보위	0	50.8638
캠코	0	50.8801
매출	0	50.8632
동생	0	50.8463
불통	0	50.8626
염산	0	50.8458
파워	0	50.8621
특사	0	50.8784
기내	0	50.8615
덕성	0	50.8778
풍력	0	50.8609
전원	0	50.8772
파행	0	50.8604
난폭	0	50.8435
기조	0	50.8598
볼모	0	50.843
시엠에이	0	50.8592
부산	0	50.8424
리디아	0	50.8256
안개	0	50.8088
콘크리트	0	50.7921
퍼즐	0	50.8083
각본	0	50.8245
칠레	0	50.8078
기업	1	50.824
방학	0	50.8072
진상	0	50.7905
여름	0	50.7738
실각	0	50.79
반	1	50.7733
기밀	0	50.7566
당일	0	50.7728
겁박	0	50.789
천	0	50.8051
충고	0	50.8213
특징	0	50.8046
유감	0	50.7879
압도	0	50.8041
유도	1	50.7874
전략	1	50.7707
위치	1	50.7541
평	0	50.7702
판정	0	50.7864
크롬	0	50.8025
이득	0	50.8186
사측	0	50.8347
서로	0	50.8181
악기	0	50.8014
학사	0	50.8175
맛	1	50.8009
분배	0	50.817
전격	0	50.8331
동시	1	50.8165
대기	1	50.8325
냉정	0	50.8159
국영수	0	50.7993
배제	1	50.8154
전직	1	50.8314
선물	0	50.8475
차남	0	50.8309
축출	0	50.8469
부자	0	50.8303
기자	1	50.8138
말썽	0	50.8298
소주	0	50.8458
만해	0	50.8618
폭락	0	50.8453
인플루엔자	0	50.8612
강풍	0	50.8447
의사	1	50.8607
영물	0	50.8766
퇴근	0	50.8601
면목	0	50.8761
오프라인	0	50.8596
흥인지문	0	50.8755
시군	0	50.859
선대위	0	50.8425
혼잡	0	50.8584
그림자	0	50.842
반납	0	50.8579
북	1	50.8414
인용	1	50.825
맹인	0	50.8409
수렴	1	50.8244
화음	0	50.808
스토리텔링	0	50.7916
연계	0	50.7752
국기	0	50.7588
좌절	1	50.7424
아량	0	50.726
당위	0	50.7097
배우	0	50.6933
한중	0	50.677
탄천	0	50.6607
생각	1	50.6443
원	1	50.6602
환경	1	50.6439
에프티에이	0	50.6276
국빈	0	50.6435
초빙	0	50.6272
가문	0	50.6431
효자	0	50.659
만족	1	50.6748
개봉	0	50.6585
방안	1	50.6744
모라토리엄	0	50.6581
강경	1	50.6739
동료	0	50.6898
책방	0	50.6735
공격	1	50.6573
상속	0	50.641
내부	1	50.6248
고	1	50.6086
모스크바	0	50.6244
생선	0	50.6082
북송	0	50.592
마드리드	0	50.6078
인증	1	50.6236
군인	0	50.6074
사업	1	50.6232
불가사의	0	50.607
총격	0	50.5909
동결	1	50.6066
다솜	0	50.6224
허용	1	50.6382
항체	0	50.6539
정신	1	50.6696
풍요	0	50.6854
옥상	0	50.7011
세	0	50.7168
문서	0	50.7006
예보	0	50.6845
태풍	0	50.7002
산하	0	50.7159
과거	1	50.6997
감기	0	50.6836
희생	1	50.6675
한강	0	50.6832
시합	0	50.6989
책정	0	50.7145
긴급	0	50.6984
노벨	0	50.6823
참관	0	50.698
포스터	0	50.7136
사이트	0	50.6975
정지	0	50.7132
간판	0	50.7288
원저	0	50.7444
흉	0	50.76
수학	0	50.7439
선의	1	50.7278
침수	0	50.7434
남	1	50.7274
형식	1	50.7113
연도	0	50.6953
페인트	0	50.6793
토로	0	50.6949
간행	0	50.7105
크리스마스	0	50.6944
챔피언	0	50.71
금품	0	50.694
리바운드	0	50.678
점호	0	50.6936
용어	0	50.7091
노역	0	50.7246
최고	1	50.7087
평년	0	50.6927
진드기	0	50.6767
관	0	50.6923
자세	1	50.7078
폐기	1	50.6918
활동	1	50.6759
퇴진	0	50.66
추이	0	50.6755
매력	0	50.6595
요원	0	50.675
전임	0	50.6591
여수	0	50.6432
보탬	0	50.6587
릴리스	0	50.6428
의심	0	50.627
선열	0	50.6424
호흡	1	50.6579
누	1	50.642
러시	0	50.6575
그라운드	0	50.6416
바다	0	50.6571
후원	1	50.6725
사옥	1	50.6567
해법	1	50.6721
제언	0	50.6562
합계	0	50.6717
세비야	0	50.6871
차관	0	50.7025
우루과이	0	50.7179
타수	0	50.7332
연상	0	50.7174
분쟁	0	50.7016
중반	0	50.717
항공	0	50.7323
충돌	1	50.7165
영아	0	50.7007
예금	0	50.7161
개통	0	50.7314
중도	1	50.7467
장군	0	50.7309
종합	0	50.7463
사견	0	50.7616
헤즈볼라	0	50.7458
성인	0	50.7611
건전	0	50.7453
기항	0	50.7606
디	0	50.7449
사람	1	50.7602
고심	0	50.7754
아테네	0	50.7597
캠페인	0	50.744
노병	1	50.7592
주축	0	50.7745
구제	0	50.7897
적자	1	50.774
모시	0	50.7892
큐레이터	0	50.7735
부활	1	50.7578
기타	1	50.7421
조서	0	50.7573
재건	0	50.7726
영남	0	50.7878
안심	0	50.803
이바지	0	50.8182
모드	1	50.8333
답변	0	50.8176
소녀	0	50.8328
지령	0	50.8171
혹사	0	50.8323
제재	1	50.8166
소급	0	50.801
인터뷰	0	50.7853
셔츠	0	50.7697
언행	0	50.7541
합천	0	50.7385
북극	0	50.7229
정치	1	50.7073
영광	0	50.7224
쌍	0	50.7068
브레이크	0	50.722
만전	0	50.7371
사찰	1	50.7522
한글	1	50.7366
플랜트	0	50.7211
구전	0	50.7362
사후	0	50.7513
통장	0	50.7357
대서	0	50.7508
삼성	1	50.7659
난방	0	50.7504
과시	0	50.7655
제의	1	50.7499
극	0	50.7344
국적	1	50.7495
터치	0	50.7339
바둑	0	50.7184
온천	0	50.7335
비즈니스	0	50.718
수출	0	50.7025
통로	1	50.7176
웹툰	0	50.7021
바사리	0	50.7171
짐	1	50.7016
폴	0	50.6862
직구	0	50.6707
막후	0	50.6553
거머리	0	50.6399
잠재	0	50.6244
처신	0	50.609
컴퓨터	0	50.624
채권	1	50.6391
사퇴	1	50.6237
학습	0	50.6387
상한	0	50.6537
남북	0	50.6687
오기	0	50.6533
부담	1	50.6379
처음	0	50.6225
비방	0	50.6072
고생	0	50.6222
퇴학	0	50.6371
분담	0	50.6521
상대	1	50.6367
제약	1	50.6214
역설	1	50.6364
성능	0	50.621
서커스	0	50.636
언론	0	50.6509
국가	1	50.6659
의도	1	50.6505
내장	0	50.6352
캐나다	0	50.6199
상무	1	50.6348
간사	0	50.6497
혈압	0	50.6647
축구	1	50.6796
토플	0	50.6643
대만	0	50.649
갈증	0	50.6337
코덱	0	50.6486
별명	0	50.6634
바이올리니스트	0	50.6482
기침	0	50.6631
자막	0	50.6478
장	1	50.6627
인연	1	50.6775
작자	0	50.6924
유가	0	50.7072
해전	0	50.722
탐사	0	50.7068
맨해튼	0	50.6915
아프가니스탄	0	50.7063
강등	0	50.6911
기름	0	50.7059
수면	0	50.7207
무죄	0	50.7355
갤러리	0	50.7203
카운티	0	50.7351
결승	0	50.7499
비타민	0	50.7346
아카데미	0	50.7194
배양	0	50.7342
향기	0	50.719
관제	0	50.7338
키	1	50.7485
저점	0	50.7632
유착	0	50.7481
양질	0	50.7628
확인	1	50.7775
나가사키	0	50.7922
사형	0	50.777
동물	0	50.7918
라디오	0	50.8065
총량	0	50.7913
개정	1	50.806
극단	0	50.8207
통상	0	50.8353
회부	0	50.85
절약	0	50.8646
경로	1	50.8495
조직	1	50.8641
포착	0	50.849
유혈	0	50.8338
내포	0	50.8187
예	1	50.8036
주범	1	50.8182
중형	0	50.8031
가늠	0	50.788
배경	1	50.7729
악용	0	50.7578
럭비	0	50.7427
행성	0	50.7277
소금	0	50.7423
거절	0	50.7272
변상	0	50.7122
윤	0	50.7268
의성	0	50.7117
잔	1	50.6967
마을	0	50.6817
국토	0	50.6963
국비	0	50.6813
아스팔트	0	50.6663
경악	0	50.6809
암스트롱	0	50.6955
양원	0	50.7101
우후죽순	0	50.7246
박	1	50.7096
요직	0	50.7242
자선	0	50.7092
브랜드	0	50.6942
가열	0	50.6793
레코드	0	50.6938
감당	1	50.6789
방법	0	50.6639
연주	1	50.6785
퍼터	0	50.6635
언어	0	50.6781
아바타	0	50.6631
나중	1	50.6777
스키	0	50.6627
목록	0	50.6773
되새김	0	50.6623
개각	0	50.6769
규명	0	50.6914
전입	0	50.7059
항모	0	50.691
가결	0	50.6761
계산	1	50.6612
국론	0	50.6463
일산	0	50.6608
절반	0	50.6459
의문	0	50.6604
기증	0	50.6455
수모	0	50.6307
잡음	0	50.6452
연회	0	50.6596
본토	1	50.6741
경호	0	50.6885
견조	0	50.703
악마	0	50.6881
해체	1	50.7026
실태	0	50.717
루터	0	50.7022
대원	0	50.6873
로스앤젤레스	0	50.7018
묘지	0	50.7162
시엔엔	0	50.7306
배상	0	50.745
거구	0	50.7593
진술	1	50.7445
축	0	50.7297
졸속	0	50.7149
송사	0	50.7001
날조	0	50.6853
거장	0	50.6997
미비	0	50.6849
성별	0	50.6993
무시	1	50.7137
참수	0	50.6989
금융	0	50.7132
안성	0	50.6985
방재	0	50.7128
외풍	0	50.6981
출생	0	50.6833
녹지	0	50.6686
실비	0	50.6539
결핵	0	50.6392
어이	0	50.6535
광맥	0	50.6678
바나나	0	50.6531
스릴러	0	50.6384
일심	0	50.6527
권고	0	50.6671
이미지	1	50.6814
만년	1	50.6667
작용	1	50.681
뉴잉글랜드	0	50.6663
비준	0	50.6516
이장	0	50.6659
로망	0	50.6802
대화	1	50.6655
기각	1	50.6509
명품	1	50.6362
이달	0	50.6216
카이스트	0	50.6069
경사	0	50.6212
엄포	0	50.6355
조바심	0	50.6497
후각	0	50.664
토익	0	50.6494
후문	0	50.6347
몰두	0	50.649
비율	1	50.6632
경영	0	50.6486
담화	1	50.6628
거주	0	50.677
업주	0	50.6624
의원	1	50.6479
한직	0	50.6333
호투	0	50.6475
인양	0	50.6329
경성	0	50.6471
대북	0	50.6613
채증	0	50.6467
악단	0	50.6609
양수	0	50.6464
투하	0	50.6318
군복	0	50.646
실기	0	50.6602
지느러미	0	50.6743
서신	0	50.6598
삼각	0	50.6739
약탈	0	50.6594
과점	0	50.6449
위주	0	50.659
습관	0	50.6732
필명	0	50.6586
연	0	50.6441
수은	0	50.6297
파기	1	50.6438
진단	1	50.6293
워크숍	0	50.6434
망치	0	50.6289
유지	1	50.6145
분량	0	50.6286
숙의	0	50.6141
사료	1	50.5997
차치	0	50.5852
학계	0	50.5993
내란	0	50.6134
격론	0	50.599
마지막	0	50.5845
해임	0	50.5701
레바논	0	50.5842
엄	0	50.5698
방영	0	50.5554
나눔	0	50.5695
도서	0	50.5551
한량	0	50.5407
농가	0	50.5548
종친	0	50.5404
인수	1	50.5544
종교	0	50.5685
석탄	0	50.5541
의석	0	50.5398
커넥션	0	50.5254
가슴	1	50.5395
기강	0	50.5251
푸시킨	0	50.5392
분가	0	50.5248
고혈	0	50.5389
사육	0	50.5529
주선	0	50.5385
경지	0	50.5526
울진	0	50.5666
당내	0	50.5806
확보	1	50.5663
사진	1	50.5519
일임	0	50.5376
가동	0	50.5233
치아	0	50.509
발족	0	50.4948
통신	1	50.5088
사위	0	50.4945
정	1	50.5085
비결	0	50.5225
축제	1	50.5364
멕시코	0	50.5222
전개	1	50.5079
커피	1	50.5219
악셀	0	50.5076
이용	1	50.4934
폭행	0	50.4791
세례	0	50.4649
과표	0	50.4507
정부	1	50.4647
상충	0	50.4786
야망	0	50.4925
나	1	50.5065
생리	0	50.4923
나비	0	50.5062
도구	0	50.492
창가	0	50.4778
통합	1	50.4636
연쇄	0	50.4494
추천	0	50.4634
판결	1	50.4773
강성	0	50.4631
수집	0	50.477
성형	0	50.4628
인대	0	50.4767
비선	0	50.4626
호통	0	50.4765
공주	0	50.4623
잡스	0	50.4762
상호	0	50.4901
출항	0	50.5039
남매	1	50.5178
사필귀정	0	50.5036
적시	1	50.5175
템포	0	50.5313
용변	0	50.5451
유력	0	50.559
국립	0	50.5448
승인	1	50.5307
우승	1	50.5166
배치	1	50.5025
변론	0	50.4884
무력	1	50.4743
내전	0	50.4881
단절	0	50.502
다수	0	50.4879
민관	0	50.4738
주주	0	50.4876
행렬	1	50.5014
환갑	0	50.4873
비운	0	50.5011
규범	0	50.4871
우한	0	50.473
종류	1	50.459
품위	0	50.4449
휴지	0	50.4587
주재	1	50.4725
종료	0	50.4585
프랑스	1	50.4722
거리	1	50.4582
장엄	0	50.4442
조건	1	50.4302
잠수	0	50.4162
혈투	0	50.4022
요가	0	50.3882
인세	0	50.402
원망	0	50.4157
리셉션	0	50.4295
퇴행	0	50.4432
자가	1	50.4292
폐지	1	50.443
전말	0	50.4567
주의	1	50.4427
반등	0	50.4288
공부	1	50.4148
굴레	0	50.4285
과민	0	50.4422
구위	0	50.4283
스타디움	0	50.442
벌금	1	50.4557
돌봄	0	50.4694
저조	0	50.4554
결정	1	50.4415
건설	1	50.4552
질	1	50.4688
역린	0	50.4549
중시	0	50.4686
발표	1	50.4822
군포	0	50.4683
왕모기	0	50.482
양계	0	50.4681
제작	0	50.4542
부부	1	50.4678
분립	0	50.4539
탤런트	0	50.4675
귀가	0	50.4812
명령	1	50.4673
발의	0	50.4534
제조	0	50.467
투입	0	50.4806
성곽	0	50.4942
탐방	0	50.5078
혈관	0	50.494
대량	0	50.5075
택배	0	50.5211
해직	0	50.5073
저하	1	50.4934
새끼	0	50.4796
주위	1	50.4932
인턴	0	50.5067
보이콧	0	50.5203
별관	0	50.5338
만남	0	50.5473
동굴	1	50.5335
자격	1	50.5197
인간다움	0	50.5059
추단	0	50.4921
개혁	0	50.5056
목격	0	50.4918
감금	0	50.5053
청구	1	50.4915
오해	1	50.5051
순익	0	50.5186
반감	0	50.5321
은닉	0	50.5183
사안	1	50.5318
잔여	0	50.5453
펀드	0	50.5315
객주	0	50.545
꽃	1	50.5312
임기	1	50.5447
엄지	0	50.5581
접근	1	50.5716
인식	1	50.585
머리	1	50.5713
보상	1	50.5575
조항	1	50.571
승계	0	50.5844
사비	0	50.5707
군정	0	50.5841
스피커	0	50.5975
아침	1	50.6109
갈등	0	50.6243
편견	0	50.6377
진찰	0	50.624
수습	1	50.6374
함	1	50.6236
상종	0	50.637
사구	0	50.6233
주기	1	50.6096
안달	0	50.5959
칭찬	1	50.6093
살인	0	50.6226
결례	0	50.6089
간병	0	50.6223
반경	0	50.6357
변인	0	50.649
절단	0	50.6623
딸	1	50.6486
금강	0	50.662
입성	0	50.6753
비전	1	50.6886
잔금	0	50.6749
논평	0	50.6883
입각	0	50.7016
금기	0	50.6879
외고	0	50.7012
스트레스	0	50.6875
강구	1	50.7008
은하	0	50.6871
거래	1	50.7004
곁	0	50.7137
순수	1	50.727
송이	0	50.7133
불우	0	50.6997
히트	0	50.7129
도발	1	50.6993
줄	1	50.6857
낙마	0	50.672
게시	0	50.6853
방공	0	50.6717
스승	0	50.6849
민중	0	50.6982
이라크	0	50.6846
봉안	0	50.671
생산	0	50.6574
호소	1	50.6438
고조	0	50.657
총탄	0	50.6434
정립	0	50.6299
성실	0	50.6163
사망	1	50.6027
레저	0	50.5892
거세	0	50.6024
수퍼마켓	0	50.5889
과욕	0	50.5753
감안	1	50.5618
취업	0	50.575
무기	1	50.5615
군사	0	50.548
붐	0	50.5345
수석	0	50.5477
산간	0	50.5609
영향	1	50.5474
대통령	1	50.5606
통찰	0	50.5738
냉동	0	50.587
방청	0	50.5735
유토피아	0	50.56
모듈	0	50.5465
멀티플렉스	0	50.5597
미세	0	50.5462
승객	0	50.5594
포용	0	50.5726
군대	0	50.5857
체결	0	50.5723
소홀	0	50.5588
살해	0	50.572
역대	1	50.5585
감시	1	50.5451
금고	1	50.5582
아랍	0	50.5714
은총	0	50.5579
신흥	0	50.571
발	0	50.5576
견제	0	50.5442
격앙	0	50.5308
산삼	0	50.5174
헌법	0	50.504
비아이에스	0	50.4906
화백	0	50.4772
폐사	0	50.4903
출현	0	50.4769
저축	0	50.4636
애틀랜타	0	50.4767
판형	0	50.4898
비호	0	50.4764
지시	1	50.4895
비제이	0	50.5026
좌우	1	50.4893
산청	0	50.4759
영사	0	50.4626
봉사	0	50.4757
비중	1	50.4888
징후	0	50.5018
외환	0	50.4885
유명	0	50.5016
선도	1	50.5146
구실	0	50.5013
해명	0	50.488
차	1	50.5011
해당	1	50.4877
당첨	0	50.5008
지	0	50.4875
해소	1	50.5005
응대	0	50.4872
수방	0	50.5003
우리	0	50.487
구색	0	50.5
가계	0	50.513
남부	0	50.4997
전황	0	50.5128
계도	0	50.4995
금액	0	50.5125
금력	0	50.5255
탄두	0	50.5385
화두	1	50.5515
선배	1	50.5382
소망	0	50.5249
방면	0	50.5117
발사	0	50.4984
인준	0	50.5114
선체	0	50.4982
빨갱이	0	50.5111
구도	0	50.4979
플랑크톤	0	50.5109
간디	0	50.5238
리시브	0	50.5368
상트페테르부르크	0	50.5497
승산	0	50.5627
간극	0	50.5756
신인	0	50.5885
과외	1	50.5753
보전	1	50.5621
진주	0	50.5489
공제	0	50.5618
전향	0	50.5747
보궐	0	50.5876
수년	0	50.5744
혐오	0	50.5612
노상	0	50.5741
이송	0	50.587
경쟁	0	50.5999
트럭	0	50.6128
주자	0	50.6257
도주	0	50.6385
반합	0	50.6253
타진	0	50.6382
통관	0	50.625
상생	0	50.6118
팽배	0	50.6247
부근	0	50.6375
케이블	0	50.6243
종사	0	50.6112
마찰	0	50.624
철수	1	50.6369
길	1	50.6237
추억	0	50.6365
콘도	0	50.6234
곤혹	0	50.6362
폭	0	50.649
베이징	0	50.6618
당황	0	50.6746
매체	0	50.6615
버스	0	50.6483
덕목	0	50.6611
시정	1	50.6739
생기	0	50.6608
기미	1	50.6736
열흘	0	50.6864
초조	0	50.6991
자극	1	50.7119
경매	0	50.6988
합	1	50.6856
세계	1	50.6725
최	0	50.6594
지양	0	50.6722
기대	1	50.6591
예고	0	50.646
고급	1	50.6587
유대	0	50.6457
불구	0	50.6326
추대	1	50.6453
스포츠	0	50.6581
교구	0	50.645
불산	0	50.6319
노동	1	50.6189
공시	1	50.6316
차익	0	50.6186
거리낌	1	50.6055
안색	0	50.5925
선언	1	50.5794
밀집	0	50.5922
평일	0	50.5792
거미	0	50.5661
미사일	0	50.5531
외국	0	50.5658
관심	1	50.5528
이탈	0	50.5656
대검	0	50.5783
미니	0	50.591
일조	1	50.6036
책	1	50.5907
미련	0	50.5777
장소	1	50.5647
백인	0	50.5774
개량	0	50.5644
인형	0	50.5514
논객	0	50.5641
입단	0	50.5768
오만	1	50.5638
뚜껑	0	50.5509
자위	0	50.5635
등판	0	50.5506
품질	0	50.5376
백	1	50.5503
호의	0	50.5374
안치	0	50.55
인구	1	50.5371
애플리케이션	0	50.5497
바젤	0	50.5624
하이브리드	0	50.5495
저자	0	50.5365
달성	0	50.5492
대우	1	50.5618
마트	0	50.5489
책장	0	50.536
굴곡	0	50.5486
유산	1	50.5357
활로	0	50.5228
겨울	0	50.5354
익명	0	50.548
라인	0	50.5352
인센티브	0	50.5223
모험	0	50.5094
사제	1	50.522
켜	0	50.5092
정체	1	50.4963
무게	1	50.4835
기둥	0	50.4706
출범	1	50.4832
직무	0	50.4704
초록	0	50.483
단서	1	50.4701
국외	0	50.4827
강령	0	50.4953
위키리크스	0	50.5079
가락	0	50.5204
플레이	0	50.533
크리스털	0	50.5455
투쟁	1	50.5327
전보	0	50.5453
장치	1	50.5325
안내	1	50.5196
난조	0	50.5322
온상	0	50.5194
선별	0	50.5066
부분	0	50.5191
해파리	0	50.5316
조류	0	50.5189
가혹	0	50.5314
실현	0	50.5439
이치	1	50.5311
분양	0	50.5183
플라자	0	50.5308
추후	0	50.5181
시한	0	50.5306
불식	0	50.5178
요절	0	50.5303
폭격	0	50.5428
수계	0	50.53
가을	0	50.5425
은혜	0	50.555
훈련	1	50.5422
보물	0	50.5547
숙박	0	50.5672
시카고	0	50.5544
차량	1	50.5417
병행	0	50.5542
분류	1	50.5414
공황	0	50.5287
주창	0	50.516
계단	1	50.5033
공개	1	50.5157
결렬	0	50.5282
살림	0	50.5406
소무	0	50.5279
철거	0	50.5403
내정	1	50.5528
피부	0	50.5401
무제	0	50.5274
테스트	0	50.5147
자구	1	50.502
공익	0	50.4893
지상	0	50.4767
불찰	0	50.4891
이행	0	50.4764
윔블던	0	50.4888
전장	0	50.5013
유로존	0	50.4886
고취	0	50.501
장강	0	50.4884
통용	0	50.4757
완치	0	50.4881
법관	0	50.5005
대립	0	50.5129
종전	1	50.5253
미스터리	0	50.5126
플레이오프	0	50.525
뇌물	0	50.5374
독려	0	50.5247
인	1	50.5121
당명	0	50.5245
발병	0	50.5119
대	1	50.5242
레드	0	50.5116
비대위	0	50.499
회람	0	50.4864
행차	0	50.4988
관서	0	50.4862
바지	0	50.4985
행장	0	50.5108
제품	1	50.4983
등극	0	50.4857
부유	1	50.4731
세탁	0	50.4605
오스트레일리아	0	50.448
철학	1	50.4603
의장	1	50.4478
적금	0	50.4352
버마	0	50.4227
세종	0	50.4101
의경	0	50.3976
명사	0	50.4099
휴업	0	50.3974
지방	1	50.4097
육체	0	50.3972
프로세스	0	50.3847
일원	1	50.397
낭비	0	50.3845
격언	0	50.372
가나	0	50.3595
특강	0	50.3471
참배	0	50.3346
학점	0	50.3221
광산	0	50.3096
구독	0	50.2972
뇌관	0	50.2847
얘기	1	50.2723
기와	0	50.2846
지분	1	50.2721
경색	0	50.2597
처분	1	50.2473
솔로몬	0	50.2596
기치	0	50.2472
여건	0	50.2347
초임	0	50.2223
국산	0	50.2099
북서	0	50.1975
용량	1	50.2098
역순	0	50.2221
유료	0	50.2097
판도	0	50.222
과오	0	50.2096
인기	1	50.2219
헌정	0	50.2095
목적	1	50.2218
열	1	50.234
임무	0	50.2217
피사로	0	50.2093
옷	0	50.2216
포천	0	50.2092
최장	0	50.2215
기만	0	50.2091
안팎	1	50.2213
생존	0	50.209
교지	0	50.1967
강도	1	50.1843
고교	0	50.172
막	0	50.1597
명성	0	50.1473
신유	0	50.135
극우	0	50.1227
데이터	1	50.1104
운신	0	50.0981
신장	1	50.0858
부엌	0	50.0981
초기	1	50.0858
이체	0	50.0735
수위	0	50.0613
현안	0	50.049
왜곡	0	50.0367
동력	0	50.0245
원외	0	50.0122
가수	0	50.0245
측면	1	50.0367
여력	0	50.0245
해저	0	50.0367
시안	0	50.0489
충동	0	50.0611
형량	0	50.0733
취약	1	50.0855
시중	1	50.0977
안티	0	50.1099
착수	0	50.0977
주둔	0	50.0854
중기	0	50.0732
화해	1	50.061
빵	0	50.0732
스테인리스	0	50.0853
페널티	0	50.0731
염	0	50.0853
진지	0	50.0975
공안	0	50.0853
형사	0	50.0731
부상	1	50.0852
부	0	50.0974
마이너스	0	50.1095
광장	0	50.0973
재발	0	50.1095
기염	0	50.0973
낙천	0	50.0851
체감	0	50.0729
교황	0	50.0608
부여	1	50.0729
기력	0	50.0607
공지	0	50.0486
독자	1	50.0364
묵인	0	50.0485
집	1	50.0364
여분	0	50.0243
시드니	0	50.0364
피겨	0	50.0242
조종	0	50.0364
인격	0	50.0485
캄보디아	0	50.0363
강서	0	50.0242
연금	0	50.0363
시리즈	1	50.0242
승자	0	50.0121
주교	0	50.0
아키타	0	50.0121
하늘	0	50.0
페미니즘	0	50.0121
추적	0	50.0
월북	0	49.9879
방심	0	50.0
확장	0	50.0121
연시	0	50.0
추위	1	49.9879
시군구	0	50.0
스타일	1	49.9879
하자	0	50.0
대의	0	50.0121
체류	0	50.0241
최대	0	50.0121
방	1	50.0241
철권	0	50.0362
자본	0	50.0241
선호	1	50.0361
견인	1	50.0482
세이브	0	50.0602
격차	0	50.0722
도움	1	50.0602
손해	1	50.0481
유행	1	50.0361
아웃	0	50.0481
거울	0	50.0601
배려	0	50.0721
메달	0	50.0841
학내	0	50.0721
불참	0	50.0841
협치	0	50.0961
필치	0	50.108
고의	0	50.096
물	1	50.084
특유	0	50.096
문병	0	50.1079
중계	0	50.0959
텔레비전	0	50.0839
실장	0	50.0719
변	1	50.0599
지역	1	50.0719
가재	0	50.0838
모근	0	50.0958
동양	0	50.0838
선집	0	50.0957
근조	0	50.1077
통증	0	50.0957
결제	0	50.1076
미혼	0	50.1196
선사	1	50.1076
향응	0	50.0956
과정	1	50.0836
실패	1	50.0956
담대	0	50.0836
방문	1	50.0716
타자	0	50.0597
쇄신	0	50.0716
소탕	1	50.0835
청년	0	50.0716
멜로디	0	50.0596
보육	0	50.0477
암반	0	50.0596
절제	0	50.0715
하청	0	50.0834
양상	0	50.0953
자살	1	50.0834
공간	1	50.0952
노래	1	50.1071
성우	0	50.0952
관료	0	50.1071
직선	0	50.0951
화간	0	50.107
명기	0	50.1189
조리	0	50.107
음지	0	50.1188
통근	0	50.1307
공력	0	50.1188
성동	0	50.1306
학자	0	50.1187
전이	0	50.1305
응모	0	50.1424
평소	0	50.1305
집중	1	50.1186
밀접	0	50.1304
자장면	0	50.1185
보안	1	50.1067
미대	0	50.0948
물류	1	50.0829
공관	0	50.0947
연내	0	50.1066
기행	0	50.0947
간선	0	50.0828
끝	1	50.0947
발제	0	50.1065
아가	0	50.0946
마산	0	50.1064
렌즈	0	50.1182
진작	0	50.13
메모리	0	50.1181
양곤	0	50.1299
비디오	0	50.1181
서울	1	50.1299
선임	1	50.118
예시	0	50.1062
연례	0	50.118
약학	0	50.1297
혐한	0	50.1179
석방	0	50.1297
감옥	0	50.1179
러시아	1	50.1061
영월	0	50.0943
근간	1	50.106
영토	0	50.0942
트레일	0	50.0824
승차	0	50.0706
수장	1	50.0824
불황	0	50.0706
반려	0	50.0588
취급	0	50.0706
말년	0	50.0588
고인	1	50.047
촉진	0	50.0353
채소	0	50.0235
인맥	0	50.0117
탕진	0	50.0
논란	0	49.9883
로펌	0	50.0
이번	0	49.9883
귀향	0	49.9765
장르	0	49.9883
참상	0	49.9765
골짜기	0	49.9648
당부	0	49.9766
에스토니아	0	49.9883
농사	0	50.0
주역	0	49.9883
참가	0	49.9766
보답	0	49.9883
천사	0	49.9766
들	0	49.9883
산림	0	50.0
포로	0	49.9883
빅딜	0	49.9766
일가	1	49.9649
서민	0	49.9766
씨	1	49.9883
거대	0	50.0
내사	0	49.9883
수용	1	49.9766
컨소시엄	0	49.965
소말리아	0	49.9533
청산	0	49.9417
찬사	0	49.9533
체액	0	49.9417
단계	0	49.93
우울	0	49.9417
경보	0	49.9534
최초	0	49.965
차액	0	49.9534
주행	0	49.9651
투서	0	49.9534
연속	0	49.9651
선로	0	49.9534
영화	1	49.9651
그래픽	0	49.9535
급증	0	49.9651
실상	0	49.9535
대잠	0	49.9651
해태	0	49.9768
청문	0	49.9651
규격	0	49.9768
여론	0	49.9652
공당	0	49.9768
불능	0	49.9884
재판	0	49.9768
최저	0	49.9884
선두	0	50.0
지지	1	50.0116
이모	0	50.0232
은인	0	50.0348
장년	0	50.0464
정쟁	0	50.0579
십상	0	50.0463
교정	0	50.0347
군민	0	50.0232
재해	0	50.0347
행태	0	50.0231
재편	0	50.0347
전주	0	50.0463
이해	1	50.0578
평양	0	50.0463
샌프란시스코	0	50.0347
날	1	50.0462
천국	0	50.0347
막강	0	50.0462
스키타이	0	50.0578
횟수	0	50.0693
세배	0	50.0808
다짐	1	50.0693
내홍	0	50.0577
비상	0	50.0461
심사	1	50.0346
양보	1	50.0461
함량	0	50.0346
대형	0	50.0461
구청	0	50.0346
추월	0	50.023
쿠키	0	50.0115
목욕	0	50.0
통학	0	49.9885
대표	1	49.977
유리	1	49.9655
수박	0	49.954
아토피	0	49.9425
고정	1	49.954
벽	1	49.9655
마르세유	0	49.954
건의	1	49.9655
개장	1	49.977
진통	1	49.9655
품격	0	49.977
이의	0	49.9656
거취	0	49.9541
예비	1	49.9656
성역	0	49.9541
티	1	49.9426
비정	0	49.9312
아수라	0	49.9427
수주	1	49.9312
결혼	0	49.9427
플레이트	0	49.9313
블랙리스트	0	49.9198
조총련	0	49.9313
욕	0	49.9199
몫	0	49.9313
편차	0	49.9428
질서	0	49.9542
서식	0	49.9657
엄단	0	49.9543
전서	0	49.9657
경청	0	49.9543
화학	0	49.9429
알카에다	0	49.9314
록	0	49.92
소자	0	49.9315
남송	0	49.9201
용지	0	49.9315
세법	0	49.9429
국유	0	49.9315
시론	0	49.9201
인도네시아	0	49.9088
솔로	0	49.9202
유작	0	49.9316
늑장	0	49.943
기재	0	49.9544
제시	1	49.9658
석	0	49.9544
태도	1	49.9431
발레리나	0	49.9545
대외	0	49.9659
재개	1	49.9545
흥행	0	49.9431
타점	0	49.9318
손실	0	49.9204
농담	0	49.9318
명의	1	49.9204
완수	0	49.9091
응원	1	49.8978
위안	0	49.8864
바깥	0	49.8751
피아니스트	0	49.8865
도	0	49.8751
과도	0	49.8638
후보	1	49.8525
양산	1	49.8412
적정	0	49.8299
프레슬리	0	49.8186
군수	1	49.83
분열	1	49.8187
약	1	49.83
국감	0	49.8414
안위	0	49.8528
장편	1	49.8641
질병	0	49.8528
방북	0	49.8642
난간	0	49.8529
단가	1	49.8416
환자	1	49.853
용인	0	49.8417
낙하	0	49.853
고부	0	49.8418
사골	0	49.8531
감면	1	49.8418
교단	0	49.8306
흑자	0	49.8193
방향	1	49.8081
허브	0	49.7968
형법	0	49.8082
디즈니	0	49.7969
개조	0	49.8083
주입	0	49.797
타이틀	0	49.8083
대피	0	49.8197
패망	0	49.8084
쓰레기	1	49.8197
해변	0	49.831
전도	0	49.8198
순간	1	49.8086
총재	1	49.8199
처벌	0	49.8312
매미	0	49.82
국가주석	0	49.8088
방관	0	49.8201
체제	1	49.8313
무	0	49.8201
공략	0	49.8089
사정	1	49.7978
형성	0	49.809
카자흐스탄	0	49.8203
항만	0	49.8091
유럽	0	49.7979
회색	0	49.8092
수원	0	49.8205
출장	1	49.8317
대일	0	49.843
악법	0	49.8318
응시	0	49.843
이동	1	49.8319
연임	0	49.8431
기기	0	49.8544
원료	0	49.8656
아세안	0	49.8544
행보	1	49.8657
라식	0	49.8545
영예	0	49.8657
동선	0	49.8546
종로	0	49.8658
수업	1	49.877
저널	0	49.8882
신념	1	49.8994
방중	0	49.9106
본지	0	49.8994
선전	1	49.9106
비서	1	49.8995
양국	1	49.9107
부착	0	49.9219
패럴림픽	0	49.933
시사	1	49.9442
리사이틀	0	49.9331
변칙	0	49.9442
구호	0	49.9554
취락	0	49.9666
유발	0	49.9777
철저	0	49.9889
가게	0	50.0
환송	0	49.9889
나르시스	0	50.0
열정	1	50.0111
계약	1	50.0
영재	0	50.0111
사례	1	50.0223
외신	0	50.0334
환생	0	50.0222
브뤼셀	0	50.0111
첩보	0	50.0
카드	1	50.0111
우려	0	50.0
휴가	0	49.9889
하동	1	50.0
누설	0	49.9889
창출	1	49.9778
강연	0	49.9667
우량	0	49.9556
시청	1	49.9667
마술	0	49.9778
컵	0	49.9667
객석	0	49.9557
시당	0	49.9446
외화	0	49.9335
표방	0	49.9224
정관	0	49.9335
세미나	0	49.9446
금전	0	49.9557
주례	0	49.9668
외과	0	49.9779
징용	0	49.9668
증진	0	49.9558
로봇	0	49.9668
중소	0	49.9558
입주	1	49.9668
일체	0	49.9558
주차	1	49.9669
신앙	0	49.9558
초연	0	49.9669
처가	0	49.9779
모니터	0	49.9669
답방	0	49.9779
빈혈	0	49.9669
배정	0	49.9559
해이	0	49.9448
시비	1	49.9559
약자	0	49.9449
동안	1	49.9559
전환	1	49.9449
은폐	0	49.9559
일시	0	49.9449
주최	0	49.9559
본진	0	49.9449
난색	0	49.9339
신병	1	49.945
회동	0	49.934
화가	0	49.945
건강	1	49.934
명목	1	49.923
돌입	0	49.912
단점	0	49.9011
철분	0	49.8901
문헌	0	49.9011
수첩	0	49.9121
섹스	0	49.9012
규약	0	49.8902
해역	0	49.9012
손자	0	49.8903
어조	0	49.9013
자립	0	49.9122
고아	0	49.9013
재생	1	49.9123
인력	0	49.9233
하	0	49.9342
활력	0	49.9452
종말	0	49.9343
인원	0	49.9452
전적	1	49.9343
사항	0	49.9453
굴욕	0	49.9562
녹취	0	49.9453
한문	0	49.9562
형수	0	49.9672
준설	0	49.9563
공포	1	49.9672
시위	1	49.9563
명맥	0	49.9672
친필	0	49.9781
영해	0	49.9891
랭킹	0	50.0
면접	0	49.9891
미행	0	50.0
만찬	0	50.0109
공갈	0	50.0
태산	0	49.9891
소문	1	49.9782
컷	0	49.9673
대비	1	49.9782
장인	0	49.9891
대상	1	50.0
수질	0	50.0109
대왕	0	50.0
황폐	0	50.0109
설문	0	50.0218
중견	0	50.0109
교훈	0	50.0218
억울	0	50.0109
본연	1	50.0218
처리	1	50.0326
부품	0	50.0217
학번	0	50.0109
재주	0	50.0217
밀	0	50.0326
극지	0	50.0435
단장	1	50.0326
실력	0	50.0217
님비	0	50.0109
포기	1	50.0217
패킷	0	50.0326
보합	0	50.0217
월이	0	50.0325
중원	0	50.0434
해외	0	50.0542
먼로	0	50.065
백신	1	50.0759
이륙	0	50.065
추락	1	50.0542
아이디	0	50.065
병사	0	50.0541
백서	0	50.0433
화	0	50.0541
송도	0	50.0649
행위	1	50.0757
요건	0	50.0865
성지	0	50.0757
개별	0	50.0649
탑등	0	50.0541
멤버십	0	50.0649
마라톤	0	50.0756
민선	0	50.0864
유네스코	0	50.0756
창	0	50.0864
사이	1	50.0972
총회	0	50.0864
드링크	0	50.0971
난자	0	50.0863
속초	0	50.0755
출몰	0	50.0647
선실	0	50.0755
호응	1	50.0647
얼마	0	50.0539
권력	0	50.0431
산사	0	50.0323
원본	0	50.0215
시공	0	50.0108
구민	0	50.0
즉답	0	49.9892
입안	0	50.0
철폐	0	49.9892
진위	0	50.0
강력	1	50.0108
원죄	0	50.0
사물	0	50.0108
정품	0	50.0215
세부	0	50.0107
조칙	0	50.0
교체	0	50.0107
헌화	0	50.0215
수시	1	50.0322
방점	0	50.0429
인화	0	50.0322
증명	1	50.0429
조문	0	50.0322
주효	0	50.0429
위험	0	50.0322
업데이트	0	50.0214
상영	0	50.0322
화성	0	50.0429
증대	0	50.0321
조절	1	50.0214
개인	1	50.0107
자랑	0	50.0214
리베이트	0	50.0107
기혼	0	50.0
일부	0	50.0107
결방	0	50.0
포럼	0	50.0107
야인	0	50.0
도하	0	49.9893
영감	0	49.9786
고층	1	49.9679
재물	0	49.9786
스폰서	1	49.9893
다툼	0	49.9786
수의	0	49.9893
돌파	1	50.0
코	0	49.9893
파직	0	50.0
온기	0	50.0107
참회	0	50.0213
리비아	0	50.0107
남발	0	50.0213
무장	1	50.032
수갑	0	50.0213
과적	0	50.0107
경차	0	50.0
벌	1	50.0106
당시	1	50.0213
도난	0	50.0106
수법	0	50.0
제창	0	50.0106
메기	0	50.0
민감	0	50.0106
득세	0	50.0213
한약	0	50.0106
낭독	0	50.0213
편안	0	50.0106
요리	1	50.0212
단행	0	50.0319
덤	0	50.0212
페테르부르크	0	50.0106
화엄	0	50.0212
수록	0	50.0106
전남	0	50.0
노원	0	49.9894
수여	0	49.9788
어불성설	0	49.9894
산소	0	49.9788
각종	0	49.9682
병균	0	49.9788
법당	0	49.9682
진전	1	49.9576
어선	0	49.9682
정확	0	49.9576
약정	0	49.9471
본상	0	49.9365
필자	0	49.9259
위조	0	49.9365
품종	1	49.9471
언덕	0	49.9577
집권	0	49.9471
남해	0	49.9577
육수	0	49.9472
침	0	49.9366
형태	1	49.9261
합심	0	49.9366
본보	0	49.9261
번지	0	49.9367
공표	0	49.9472
서정	0	49.9578
강판	1	49.9472
굴기	0	49.9578
진영	0	49.9473
자아	0	49.9578
여권	1	49.9473
연장	1	49.9578
표절	0	49.9473
호가	0	49.9579
서방	0	49.9684
출산	0	49.9789
축사	1	49.9895
잠복	0	49.9789
모래	0	49.9895
언니	1	50.0
무용지물	0	50.0105
만능	0	50.0
거치	0	50.0105
시도	1	50.0
기본	0	50.0105
탈취	0	50.021
주문	1	50.0105
소라	0	50.0
명상	1	49.9895
부국	0	50.0
함미	0	50.0105
대인	0	50.021
개명	0	50.0315
상자	1	50.042
이면	0	50.0315
국	0	50.0419
최소	1	50.0315
혼사	0	50.0419
표면	0	50.0524
연구	1	50.0629
킹	0	50.0524
경관	0	50.0419
설계	1	50.0524
사채	1	50.0419
인색	0	50.0523
터키	1	50.0628
장애	0	50.0523
입장	1	50.0628
모교	0	50.0523
존치	0	50.0627
허기	0	50.0732
양해	0	50.0836
연좌	0	50.0731
연일	0	50.0627
매장	0	50.0522
영입	0	50.0418
시디	0	50.0522
컨슈머	0	50.0626
급락	0	50.0731
흙	0	50.0835
수확	1	50.0939
노조	0	50.1043
도시	1	50.0938
패널	0	50.0834
관찰	0	50.073
사이버	0	50.0834
이마	0	50.0729
부안	0	50.0833
탓	1	50.0729
전부	1	50.0625
악의	0	50.0521
직후	0	50.0416
한	1	50.0312
탑승	0	50.0416
예술	1	50.0312
불운	0	50.0208
유학	1	50.0312
초반	1	50.0208
색상	0	50.0312
다양	0	50.0208
타이완	0	50.0312
기술	1	50.0415
제보	0	50.0519
회원	0	50.0415
나스닥	0	50.0519
패스	0	50.0415
마진	0	50.0519
전사	0	50.0622
피난	0	50.0726
영양	0	50.083
고개	1	50.0726
시타	0	50.0829
할아버지	0	50.0933
휴식	0	50.0829
선악	0	50.0932
별도	1	50.1036
각색	0	50.1139
유기	0	50.1035
연정	0	50.0931
벤처	0	50.1035
작중	0	50.0931
터널	0	50.0827
사연	1	50.0724
바이올린	0	50.0827
식물	0	50.093
심판	1	50.0827
옥천	0	50.093
스위스	0	50.1033
본교	0	50.093
점포	0	50.0826
함유	0	50.0929
매매	0	50.0826
진실	1	50.0929
지연	1	50.0825
만루	0	50.0722
경과	0	50.0825
고과	0	50.0722
썰매	0	50.0825
시조	1	50.0928
기아	0	50.0824
이름	1	50.0927
천장	1	50.0824
발상	1	50.0721
방위	0	50.0618
악보	0	50.0721
아리랑	0	50.0823
스카우트	0	50.0926
분노	0	50.1029
하노이	0	50.1131
산타	0	50.1028
발송	0	50.0925
존중	0	50.0822
진입	0	50.0719
스트레칭	0	50.0617
등급	1	50.0719
약체	0	50.0616
임차	0	50.0513
문자	0	50.0616
소유	1	50.0513
백성	0	50.0616
비	1	50.0718
소산	0	50.0616
표류	0	50.0718
남원	0	50.0615
농지	0	50.0513
관객	0	50.041
어른	1	50.0512
법	0	50.041
카타르	0	50.0512
출루	0	50.041
날씨	0	50.0307
휴전	1	50.0205
역량	0	50.0307
속도	1	50.0205
후반	0	50.0307
이관	0	50.0409
동의	1	50.0307
조언	0	50.0204
장마	0	50.0102
알짜	1	50.0
상담	0	49.9898
감염	1	49.9796
열성	0	49.9694
회의	1	49.9796
준비	1	49.9898
내실	0	50.0
납입	0	50.0102
시점	1	50.0
출력	0	50.0102
전화위복	0	50.0
설	1	49.9898
자리	1	50.0
개최	0	50.0102
운동	1	50.0
매점	0	50.0102
옆	0	50.0
유적	0	49.9898
치졸	0	49.9796
연기	1	49.9695
소신	0	49.9796
문인	0	49.9695
검토	1	49.9593
검색	0	49.9695
무수	0	49.9593
새	1	49.9492
불의	0	49.939
사의	1	49.9288
결심	0	49.939
만화	0	49.9492
만혼	0	49.9594
주지	0	49.9695
생애	0	49.9594
부재	0	49.9492
바람	1	49.9391
지인	0	49.929
도로	0	49.9188
해	1	49.9087
전생	0	49.9189
불	1	49.929
음식	0	49.9392
온정	0	49.9493
확충	0	49.9595
임상	0	49.9696
엔트리	0	49.9797
공평	0	49.9899
과로	0	49.9797
분유	0	49.9696
표	1	49.9798
방통위	0	49.9899
영변	0	50.0
여유	1	49.9899
시행	1	50.0
철	1	49.9899
교실	0	49.9798
홈	0	49.9899
칼럼	0	50.0
심야	0	50.0101
효과	1	50.0202
설욕	0	50.0303
춤	0	50.0404
적지	0	50.0505
소위	0	50.0404
로이터	0	50.0505
집필	0	50.0605
향상	0	50.0706
시네마테크	0	50.0807
체력	0	50.0706
법칙	0	50.0806
폭등	0	50.0907
입양	0	50.1008
면적	0	50.1108
점장	0	50.1209
황서	0	50.1108
송금	0	50.1007
역풍	1	50.1107
여성	1	50.1006
의제	1	50.1107
서브	0	50.1006
친선	0	50.0905
단원	0	50.0805
펜싱	0	50.0704
확진	0	50.0804
명소	0	50.0704
집회	0	50.0804
옵서버	0	50.0703
주시	0	50.0603
보수	1	50.0502
기여	1	50.0402
충성	0	50.0301
특례	0	50.0401
도출	0	50.0502
하남	0	50.0602
천연	0	50.0702
법치	0	50.0802
영구	0	50.0902
실망	1	50.1002
빙하	0	50.1102
수중	0	50.1202
실랑이	0	50.1302
아이	1	50.1402
기념	0	50.1302
푸념	0	50.1402
논	0	50.1301
상식	1	50.1201
일대	0	50.1301
궁극	0	50.12
현황	0	50.13
교육	1	50.14
미스	0	50.13
홍수	0	50.12
경남	0	50.1099
침투	1	50.0999
파주	0	50.0899
송파	0	50.0999
초콜릿	0	50.1098
직결	0	50.0998
사방	0	50.1098
서구	1	50.0998
항일	0	50.1098
라벨	0	50.1197
특화	0	50.1097
곡선	0	50.0997
참석	0	50.0897
배낭	0	50.0997
표명	0	50.1096
판타지	1	50.1196
왕실	0	50.1096
가증	0	50.1195
두둔	0	50.1295
랍스터	0	50.1195
더미	0	50.1294
엔지니어	0	50.1194
디스토피아	0	50.1095
추모	0	50.1194
약화	1	50.1293
공짜	0	50.1392
대여	0	50.1293
개척	0	50.1392
다큐	0	50.1491
생후	0	50.1391
육사	0	50.1291
위용	0	50.1391
야생	0	50.149
위법	0	50.1589
특보	0	50.1688
거악	0	50.1786
쇠퇴	0	50.1885
다큐멘터리	0	50.1984
친위	0	50.1885
구단	1	50.1785
상류	0	50.1686
보선	0	50.1586
결말	0	50.1685
상황	1	50.1784
피서	0	50.1882
호주	0	50.1783
집착	0	50.1684
왕조	0	50.1584
이성	0	50.1485
출신	0	50.1584
질의	0	50.1484
의향	0	50.1385
통제	1	50.1286
경북	0	50.1187
손주	0	50.1088
전방	0	50.0989
자재	0	50.089
관절	0	50.0791
겨냥	0	50.0692
장점	0	50.0593
나라	1	50.0494
전세	1	50.0592
중동	0	50.0494
잡지	0	50.0592
우세	0	50.0691
대신	1	50.0789
베토벤	0	50.069
지칭	0	50.0592
피고	0	50.069
화산	0	50.0789
조율	1	50.0887
면회	0	50.0985
소서	0	50.0887
한지	0	50.0788
떡	0	50.0689
본말	0	50.0788
학회	0	50.0886
영합	0	50.0787
여인	0	50.0886
아코디언	0	50.0787
성립	0	50.0689
곳	1	50.0787
신형	0	50.0885
구	1	50.0786
창당	0	50.0885
남구	0	50.0983
역행	1	50.0884
판문점	0	50.0982
실수	1	50.0884
너바나	0	50.0786
신혼	0	50.0884
종족	0	50.0785
반환	0	50.0687
흥	0	50.0589
달력	0	50.049
의무	1	50.0588
새로움	0	50.0686
군단	1	50.0588
강국	0	50.0686
후학	0	50.0588
농민	0	50.0686
패턴	0	50.0588
비관	0	50.049
알레르기	0	50.0588
재래	0	50.049
이완	0	50.0392
메커니즘	0	50.0489
연산	0	50.0587
럭셔리	0	50.0489
톨스토이	0	50.0587
조련	0	50.0489
카탈루냐	0	50.0587
마운드	0	50.0489
과학	0	50.0391
테이블	0	50.0293
위생	0	50.0391
신협	0	50.0488
심의	0	50.0586
파면	0	50.0488
유혹	0	50.0586
인절미	0	50.0488
남한	0	50.0585
납	0	50.0488
관례	0	50.0585
승진	1	50.0683
충청	0	50.078
시속	0	50.0877
모국	0	50.078
등재	0	50.0682
지출	1	50.0585
터득	0	50.0682
학칙	0	50.0584
후임	0	50.0487
며느리	0	50.0584
데뷔	0	50.0487
시험	1	50.0389
화랑	0	50.0486
뉴스	0	50.0584
상하이	0	50.0486
쿠데타	0	50.0389
메일	1	50.0486
본인	1	50.0389
유독	0	50.0486
창동	0	50.0389
검열	0	50.0486
파계	0	50.0389
전속	0	50.0291
청소	0	50.0388
야기	0	50.0485
본선	0	50.0582
반입	0	50.0485
국내	1	50.0582
파트	1	50.0485
첨삭	0	50.0388
회비	0	50.0291
강요	0	50.0194
민간	0	50.0097
방식	0	50.0194
능선	0	50.0291
주인	1	50.0194
호기	0	50.0291
숙취	0	50.0387
쥐	1	50.0484
복장	0	50.0581
감축	0	50.0484
원활	0	50.058
정도	1	50.0677
투명	0	50.058
커뮤니케이션	0	50.0677
치질	0	50.058
호남	0	50.0677
이임	0	50.058
탄자니아	0	50.0676
카메라	0	50.0773
신축	0	50.0869
부실	0	50.0772
빨치산	0	50.0869
해운	0	50.0965
로마	0	50.0869
악재	0	50.0965
중재	0	50.0868
합류	1	50.0965
곤충	0	50.1061
슬로건	0	50.1157
분란	0	50.1253
우편	0	50.1349
인플레	0	50.1445
심포지엄	0	50.1541
친형	0	50.1445
주가	1	50.1541
콘서트	0	50.1637
평생	0	50.1733
수당	0	50.1829
욕구	0	50.1732
파리	0	50.1828
각각	0	50.1924
망신	1	50.202
박스	0	50.2115
하역	0	50.2211
선포	0	50.2115
회복	1	50.2018
착공	1	50.1922
배터리	0	50.2017
우	0	50.2113
중요	1	50.2209
지대	1	50.2112
일고	0	50.2208
야권	0	50.2111
시리아	0	50.2207
태아	0	50.2111
산후	0	50.2206
공복	0	50.211
혼합	0	50.2205
업계	0	50.2301
흥미	0	50.2396
운용	0	50.23
에너지	1	50.2395
베팅	0	50.249
상위	0	50.2394
빈곤	1	50.2489
고위	0	50.2585
일각	0	50.2489
현관	0	50.2584
폭설	0	50.2679
구조	1	50.2583
영상	0	50.2678
해시태그	0	50.2582
존경	0	50.2486
브라질	1	50.239
대항	0	50.2485
친지	0	50.258
실천	1	50.2484
연대	1	50.2388
도박	1	50.2292
부진	0	50.2196
지진	0	50.2291
권역	0	50.2195
침해	0	50.229
협약	1	50.2194
격변	0	50.2098
체납	0	50.2003
국장	1	50.1907
암살	0	50.2002
하루	1	50.1906
명	0	50.2001
초범	0	50.1905
교대	0	50.2
혁명	1	50.2095
전	1	50.219
남획	0	50.2094
묵	0	50.1999
도성	0	50.2094
흉기	0	50.2188
비위	0	50.2093
상정	0	50.1997
징수	0	50.1902
배추	0	50.1806
유시시	0	50.1711
황해북도	0	50.1806
상봉	0	50.171
구미	0	50.1615
담당	1	50.171
산악	0	50.1804
한도	0	50.1899
음량	0	50.1804
협정	0	50.1898
병상	0	50.1993
코미디	0	50.2087
주임	0	50.2182
외투	0	50.2086
후속	0	50.2181
의아	0	50.2086
충격	1	50.1991
수반	0	50.1895
관전	0	50.199
죄	1	50.1895
소통	1	50.18
부대	1	50.1705
플루토늄	0	50.161
전달	1	50.1704
시작	1	50.1798
장례	0	50.1893
무효	1	50.1798
연료	0	50.1892
대금	0	50.1986
경고	1	50.1891
익사	0	50.1985
재미	1	50.189
파동	0	50.1985
케냐	0	50.189
탈퇴	0	50.1795
막걸리	0	50.17
룰	0	50.1605
순천	0	50.1511
대함	0	50.1416
출전	1	50.1321
댁	0	50.1227
참여	1	50.1132
유보	0	50.1226
금	1	50.1132
엠디	0	50.1226
모의	0	50.1131
모면	0	50.1037
벼랑	0	50.1131
참조	0	50.1036
전면	1	50.113
제한	0	50.1036
포퓰리즘	0	50.113
금수	0	50.1224
추측	0	50.1318
광복	0	50.1223
선점	0	50.1317
히로시마	0	50.1411
완파	0	50.1505
사건	1	50.1599
이닝	0	50.1692
출국	0	50.1786
책임	1	50.1692
기근	0	50.1785
고문	1	50.1691
의식	1	50.1597
문	1	50.169
접촉	1	50.1596
바이러스	1	50.1502
마니아	0	50.1408
연행	0	50.1502
결선	0	50.1407
증설	0	50.1501
경력	1	50.1407
혼례	0	50.15
일제	1	50.1594
상품	1	50.15
무심	0	50.1406
철도	0	50.1312
인쇄	0	50.1218
대결	1	50.1311
한족	0	50.1217
단풍	0	50.1311
합동	0	50.1404
교장	0	50.131
선	1	50.1404
업체	1	50.1497
충정	0	50.1403
루머	0	50.1309
타산지석	0	50.1403
지사	1	50.1496
시골	0	50.1402
추세	0	50.1495
바닥	0	50.1402
질환	0	50.1308
민생	0	50.1401
측근	0	50.1494
사실	1	50.1401
탈출	0	50.1494
비극	1	50.14
오이	0	50.1306
왈가왈부	0	50.14
논문	0	50.1493
반복	1	50.1586
각도	0	50.1492
다이아몬드	0	50.1585
공원	0	50.1491
자궁	0	50.1398
고집	0	50.1305
생일	0	50.1211
정설	0	50.1304
불펜	0	50.1211
고무	1	50.1304
아랑곳	0	50.121
파악	1	50.1303
역점	0	50.1396
지위	0	50.1489
발부	0	50.1581
인플레이션	0	50.1488
청취	1	50.1581
기후	0	50.1673
파	0	50.158
입구	0	50.1673
나이	1	50.1765
직장	1	50.1672
경선	0	50.1579
수탈	0	50.1486
내용	1	50.1393
의학	0	50.13
호전	0	50.1392
특검	0	50.1485
혜택	0	50.1392
산맥	0	50.1484
단위	1	50.1577
한미	0	50.1669
동경	0	50.1762
아스콘	0	50.1854
바이어	0	50.1946
캐디	0	50.2039
난동	0	50.1946
각주	0	50.1853
논의	1	50.1945
긴장	1	50.2037
진학	1	50.1944
강남	1	50.2036
그릇	0	50.1943
재가	1	50.185
첨병	0	50.1758
순리	0	50.1665
단축	0	50.1572
진료	0	50.1664
의중	0	50.1571
오픈	0	50.1479
연방	0	50.1386
각국	0	50.1293
우라늄	0	50.1386
국과수	0	50.1293
바르셀로나	0	50.1385
쇄	0	50.1477
마감	0	50.1569
프로모션	0	50.1477
압사	0	50.1384
매도	1	50.1292
보성	0	50.1384
유형	1	50.1475
앤드	0	50.1383
이웃	0	50.1291
스님	0	50.1382
폐막	0	50.129
시구	0	50.1382
수급	0	50.1474
산물	0	50.1381
헌혈	0	50.1289
승점	0	50.1381
창간	0	50.1289
교신	0	50.138
편집	0	50.1472
낙태	0	50.1564
환상	0	50.1656
재선	0	50.1747
들러리	0	50.1839
위촉	0	50.1931
제일	0	50.1838
번영	0	50.193
수심	0	50.1838
당장	1	50.1745
주제	1	50.1837
업무	1	50.1928
정서	1	50.1836
결단	0	50.1928
샷	0	50.1836
발행	1	50.1743
취소	0	50.1835
과제	1	50.1926
친분	0	50.1834
냉방	0	50.1742
유린	0	50.165
서점	1	50.1558
에어컨	0	50.165
관여	0	50.1741
초래	1	50.1832
담배	0	50.1923
지장	0	50.1832
거명	0	50.174
번복	0	50.1831
실익	0	50.1739
흡연	0	50.1647
참선	0	50.1738
타도	0	50.1647
소시지	0	50.1738
가평	0	50.1646
대전	1	50.1737
직속	0	50.1645
지식	1	50.1736
품새	0	50.1645
검출	0	50.1553
변화	0	50.1644
운반	0	50.1553
레이싱	0	50.1461
인테리어	0	50.1552
고갈	1	50.1643
명곡	0	50.1734
신상	0	50.1642
기	1	50.1551
인성	0	50.1459
바퀴	0	50.155
어학	0	50.1641
발굴	1	50.1732
사과	1	50.1823
파양	0	50.1914
태블릿	0	50.2004
치즈	0	50.1913
직종	0	50.2004
폭동	0	50.2094
찹쌀	0	50.2185
조세	0	50.2276
마르크스	0	50.2184
표현	0	50.2275
급식	0	50.2365
예단	1	50.2456
변동	1	50.2546
자판	0	50.2455
상응	0	50.2545
포르투갈	0	50.2454
전액	0	50.2363
입금	0	50.2271
흐름	1	50.218
전구	0	50.2089
디저트	0	50.2179
브리튼	0	50.2088
괴담	0	50.2179
도입	0	50.2269
협력	0	50.2178
타율	0	50.2268
무인	0	50.2177
전북	0	50.2267
사회	1	50.2176
출동	0	50.2267
원칙	0	50.2357
흡수	1	50.2266
기구	0	50.2175
와중	0	50.2265
일간	0	50.2174
통화	1	50.2264
틀	1	50.2354
수거	0	50.2263
파키스탄	0	50.2353
고삐	0	50.2262
액수	0	50.2353
팡파르	0	50.2262
건물	0	50.2352
각인	0	50.2442
가자	0	50.2532
동북	0	50.2622
총	0	50.2711
열량	0	50.2801
점수	0	50.2711
성질	0	50.262
동맹	0	50.271
진품	0	50.2619
설득	0	50.2709
주니어	0	50.2618
추가	1	50.2708
추정	0	50.2617
천혜	0	50.2707
졸업	1	50.2616
이상	1	50.2525
상처	1	50.2435
법령	0	50.2524
풀이	1	50.2614
리미니	0	50.2704
설정	1	50.2793
병역	0	50.2703
복원	1	50.2612
각급	0	50.2702
안목	1	50.2611
유념	0	50.2701
지열	0	50.279
아래	1	50.27
관리	1	50.2609
포지션	0	50.2699
만평	0	50.2608
메리트	0	50.2518
지목	0	50.2428
배출	0	50.2517
사지	1	50.2607
고도	0	50.2696
장사	0	50.2785
슬픔	0	50.2875
자기	0	50.2964
만기	1	50.2874
시	1	50.2963
신변	0	50.3052
선명	0	50.3141
구매	1	50.3051
누나	0	50.2961
억제	0	50.305
장관	1	50.3139
출원	1	50.3049
방지	1	50.3138
미만	0	50.3227
자행	0	50.3137
통일	0	50.3226
환율	0	50.3136
당국	1	50.3225
보살핌	0	50.3135
공감	0	50.3223
문건	1	50.3133
라이브	0	50.3043
무대	1	50.2953
수준	1	50.3042
순도	0	50.3131
청원	0	50.3041
개헌	0	50.2951
드라마	1	50.304
석단	0	50.3129
고지	1	50.3039
목사	1	50.2949
유무	0	50.3038
항거	0	50.3127
예산	1	50.3215
상기	1	50.3304
시각	1	50.3214
면모	1	50.3303
불발	0	50.3392
시연	0	50.3302
참	0	50.339
접수	0	50.3301
주전	0	50.3389
신용	0	50.3478
탄식	0	50.3566
박차	0	50.3655
치열	0	50.3565
리우데자네이루	0	50.3654
파국	0	50.3564
중진	0	50.3474
소련	0	50.3384
선양	0	50.3295
실업	0	50.3205
승리	0	50.3116
점	1	50.3026
아픔	0	50.2936
서약	0	50.2847
전망	1	50.2935
뉴올리언스	0	50.2846
경우	1	50.2757
핵심	0	50.2667
분절	0	50.2756
상인	0	50.2666
적대	0	50.2577
미끼	0	50.2488
견지	0	50.2576
과열	1	50.2487
수해	0	50.2575
창단	0	50.2486
상태	1	50.2574
비화	0	50.2485
추징	0	50.2396
엔	0	50.2307
봉변	0	50.2395
입국	1	50.2306
기준	0	50.2217
특허	0	50.2128
사익	0	50.2039
전시	1	50.195
패물	0	50.1861
직영	0	50.1772
여사	0	50.1683
괴물	0	50.1771
주도	1	50.1682
현역	1	50.1771
기획	0	50.1682
이스라엘	1	50.177
퍼트	0	50.1681
워키토키	0	50.1592
압류	0	50.1504
투병	0	50.1592
당근	0	50.1503
수리	1	50.1591
재임	0	50.1503
가마	0	50.1414
공공	0	50.1502
영산	0	50.1413
혁신	0	50.1502
귀속	0	50.159
향	0	50.1678
이	1	50.1766
사장	1	50.1677
두바이	0	50.1588
파트너	0	50.1676
국경	1	50.1764
외부	1	50.1676
부친	0	50.1587
미디어	0	50.1499
특별	0	50.141
녹색	0	50.1322
국력	0	50.1234
신입	0	50.1145
디스카운트	0	50.1233
신라	0	50.1321
매입	0	50.1233
동포	0	50.1145
잠시	0	50.1232
체증	1	50.1144
닉슨	0	50.1056
치유	0	50.0968
주체	1	50.088
만류	0	50.0967
효율	0	50.1055
절경	0	50.1143
변방	0	50.1055
연수	1	50.1143
시장	1	50.123
균등	0	50.1142
격의	0	50.123
벼락	0	50.1142
메주	0	50.1054
트리어	0	50.0966
도킹	0	50.1053
멘토링	0	50.1141
에고	0	50.1053
교수	1	50.1141
자사	0	50.1228
구간	1	50.114
바텐더	0	50.1052
후배	1	50.0964
유아	0	50.0877
부정	1	50.0789
캔	0	50.0701
가장	1	50.0613
욕설	0	50.0701
인사	1	50.0788
착오	0	50.0701
프로그램	1	50.0788
철강	0	50.07
하이델베르크	0	50.0613
수단	1	50.0525
소감	0	50.0612
수	1	50.0525
협업	1	50.0612
순방	0	50.07
당뇨	0	50.0612
기색	0	50.0699
출두	0	50.0612
현란	0	50.0524
가톨릭	0	50.0437
컨벤션	0	50.0524
엄정	0	50.0437
실험	1	50.0524
흉물	0	50.0437
벤츠	0	50.0524
긴축	0	50.0436
보름	1	50.0349
상사	0	50.0436
정규	0	50.0523
조성	1	50.0436
역임	0	50.0349
동행	0	50.0262
산적	0	50.0174
파장	0	50.0087
상금	1	50.0174
임원	1	50.0087
감세	0	50.0
개설	0	49.9913
구축	1	50.0
냉각	0	49.9913
복수	0	49.9826
군번	0	49.9913
전후	1	50.0
제청	0	49.9913
입	1	50.0
사내	1	50.0087
단체	1	50.0174
번역	0	50.0261
인도	1	50.0348
학정	0	50.0435
옌지	0	50.0521
회장	1	50.0434
상회	0	50.0521
포진	0	50.0434
심신	0	50.0521
열풍	0	50.0434
인정	1	50.0521
침몰	0	50.0434
종돈	0	50.0521
발달	0	50.0607
비평	0	50.0694
가중	1	50.0607
창녕	0	50.052
공군	0	50.0434
상당	0	50.052
기계	1	50.0433
의병	0	50.052
분홍	0	50.0433
아이티	1	50.052
타이	0	50.0433
간첩	0	50.0346
주거	0	50.0433
벌타	0	50.0519
영농	0	50.0606
신당	0	50.0692
회귀	0	50.0606
촉구	0	50.0692
장성	0	50.0778
시나리오	0	50.0692
목성	0	50.0605
해지	0	50.0519
도모	0	50.0432
접목	1	50.0346
전경련	0	50.0432
식언	0	50.0518
유임	0	50.0605
에피소드	0	50.0518
과일	0	50.0432
허탈	0	50.0345
운명	1	50.0432
제거	0	50.0518
안주	1	50.0604
애니메이션	0	50.069
종	1	50.0604
사설	0	50.069
트레이너	0	50.0776
아이언	0	50.069
제도	1	50.0603
공매	0	50.0689
열선	0	50.0603
관련	0	50.0517
공단	1	50.0603
노제	0	50.0517
리야드	0	50.0603
차주	1	50.0689
올림픽	0	50.0603
폭리	0	50.0516
경산	0	50.0602
학위	0	50.0516
스트리밍	0	50.043
유족	0	50.0344
파급	0	50.043
합참	0	50.0516
금지	1	50.0602
칼럼니스트	0	50.0688
기관	1	50.0601
공허	0	50.0515
카드뮴	0	50.0429
우회	0	50.0515
이감	0	50.0429
여우	0	50.0343
몰골	0	50.0429
중복	0	50.0515
등	0	50.0601
여정	0	50.0686
대목	1	50.0772
비용	1	50.0858
대응	1	50.0772
절개	1	50.0857
지체	0	50.0771
여하	0	50.0686
원장	1	50.0771
주말	0	50.0857
완공	0	50.0771
잔고	0	50.0685
공고	1	50.0771
결과	1	50.0856
쇼핑	0	50.0942
쌀	0	50.1027
콘텐츠	0	50.0941
간이	0	50.0856
특권	0	50.077
업소	0	50.0684
인가	0	50.0599
탄생	0	50.0513
존재	1	50.0427
소실	0	50.0342
엄벌	0	50.0427
재벌	0	50.0513
차로	0	50.0598
신하	0	50.0683
안타	0	50.0598
독백	0	50.0512
친숙	0	50.0427
커튼	0	50.0341
풍선	0	50.0256
품목	1	50.0171
양심	0	50.0256
족쇄	0	50.0341
미	1	50.0426
환원	0	50.0341
발급	0	50.0256
수상	0	50.0341
잠정	0	50.0256
풍자	1	50.017
늑대	0	50.0256
성패	0	50.017
염전	0	50.0085
일화	0	50.017
현행	0	50.0255
정기	0	50.034
에이피	0	50.0426
송환	0	50.0511
발매	0	50.0596
링크	1	50.051
창업	0	50.0595
엄격	0	50.068
단일	0	50.0765
사기	1	50.085
습득	0	50.0935
근해	0	50.102
향수	0	50.1105
아리아	0	50.1019
간섭	0	50.0934
과자	0	50.1019
반론	0	50.1104
코믹	0	50.1019
요소	1	50.1103
일	1	50.1018
노트	1	50.0933
불만	0	50.0848
이혼	0	50.0763
분포	0	50.0848
병원	1	50.0933
체포	1	50.0848
통계	0	50.0763
판	0	50.0847
요구	1	50.0932
대답	0	50.1017
제사	0	50.1101
당수	0	50.1016
연출	1	50.1101
단지	0	50.1185
복제	0	50.11
비교	1	50.1185
예루살렘	0	50.1269
진화	1	50.1184
음란	0	50.11
돌진	0	50.1015
동족	0	50.093
허약	0	50.0845
발동	0	50.093
불리	0	50.1014
동석	0	50.093
항	0	50.0845
여자	1	50.076
간접	0	50.0676
지정	1	50.076
유로파이터	0	50.0675
사죄	1	50.0591
필사	0	50.0506
빈	0	50.0422
묘소	1	50.0506
성주	0	50.0422
학교	0	50.0337
선거	1	50.0253
피츠버그	0	50.0169
세관	0	50.0253
약물	0	50.0337
무상	1	50.0253
설립	0	50.0169
브레인	0	50.0253
기한	1	50.0337
요금	0	50.0421
투표	0	50.0337
고발	1	50.0421
가해	0	50.0337
예전	1	50.0252
한국	1	50.0337
완화	1	50.0252
적미	0	50.0336
체험	0	50.0252
융합	1	50.0336
협의	1	50.0252
고령	0	50.0168
타지키스탄	0	50.0084
편의	1	50.0
패러다임	0	49.9916
부모	0	50.0
안착	0	50.0084
공	1	50.0168
철군	0	50.0084
논리	1	50.0168
보디빌딩	0	50.0252
체계	0	50.0168
방글라데시	0	50.0252
유라시아	0	50.0336
유인	0	50.0252
소셜	0	50.0335
선법	0	50.0419
보류	0	50.0335
소환	0	50.0251
강의	0	50.0335
웅덩이	0	50.0251
방송	0	50.0168
예매	0	50.0084
요약	0	50.0168
선적	0	50.0084
라퀼라	0	50.0
국군	0	49.9916
친권	0	49.9833
단재	0	49.9749
좌파	1	49.9833
청장	0	49.9749
월별	0	49.9665
성숙	1	49.9582
명단	0	49.9666
성금	1	49.9749
충치	0	49.9833
글	1	49.9916
지름	0	50.0
유효	0	50.0084
화교	0	50.0167
알력	0	50.0084
명시	0	50.0167
화상	0	50.0083
양당	0	50.0
규모	1	50.0083
예우	0	50.0167
산정	0	50.025
바흐	0	50.0167
인생	1	50.025
운항	0	50.0167
명분	1	50.025
조약	0	50.0333
취임	0	50.0417
원천	1	50.0333
코펜하겐	0	50.025
냉담	0	50.0333
영암	0	50.025
컨설턴트	0	50.0167
하원	0	50.025
정밀	0	50.0167
임명	0	50.0083
희석	0	50.0166
소동	0	50.025
아가씨	0	50.0333
그늘	1	50.0416
협박	1	50.0499
엘이디	0	50.0416
복용	1	50.0333
내색	0	50.0416
보강	0	50.0499
사초	0	50.0415
이벤트	1	50.0332
아기	0	50.0249
공직	0	50.0332
시베리아	0	50.0415
미네랄	0	50.0332
친미	0	50.0415
엘티이	0	50.0332
시기	1	50.0415
체격	0	50.0332
문화	1	50.0415
원조	1	50.0498
헌재	0	50.0581
메탄올	0	50.0663
당론	0	50.058
드레스덴	0	50.0497
이익	1	50.0414
인민	0	50.0331
프로모터	0	50.0414
입시	1	50.0331
칼	0	50.0248
채용	1	50.0166
의술	0	50.0083
두절	0	50.0166
항목	0	50.0083
낚시	0	50.0166
임관	0	50.0248
독재	0	50.0165
악어	0	50.0248
아우터	0	50.0331
순위	0	50.0248
미신	0	50.0165
취지	0	50.0083
양성	0	50.0
진	0	50.0083
원충	0	50.0
휴양	0	50.0083
공약	0	50.0165
조작	1	50.0248
본문	0	50.0165
라이터	0	50.0083
절호	0	50.0
비판	1	50.0083
금리	0	50.0165
서킷	0	50.0082
일당	0	50.0165
조처	0	50.0082
물론	0	50.0165
순차	0	50.0082
방제	0	50.0
반전	0	50.0082
시범	0	50.0
생전	0	49.9918
무지	0	50.0
삶	0	49.9918
제반	0	50.0
피지컬	0	50.0082
빗	0	50.0
싹	0	50.0082
땀	0	50.0
수익	1	50.0082
톈안먼	0	50.0165
원유	0	50.0082
독점	1	50.0
위장	0	50.0082
재학	0	50.0
퇴치	0	49.9918
파일	1	50.0
축하	0	49.9918
정착	1	50.0
충남	0	50.0082
입문	0	50.0164
급등	0	50.0246
징계	1	50.0328
총리	1	50.0246
동작	1	50.0164
무사	0	50.0082
호텔	0	50.0
저해	1	49.9918
취바리	0	50.0
회신	0	49.9918
전공	0	50.0
스와트	0	50.0082
교착	0	50.0164
책동	0	50.0246
내륙	0	50.0328
워크아웃	0	50.041
회담	0	50.0491
지자체	0	50.041
입원	0	50.0491
엄중	0	50.0573
유해	0	50.0491
회기	0	50.0573
치중	0	50.0655
여파	0	50.0736
해석	1	50.0654
요강	0	50.0573
충절	0	50.0491
처방	1	50.0572
소장	1	50.0491
분석	0	50.0409
독도	0	50.049
편성	1	50.0409
무아	0	50.0327
충당	0	50.0245
연동	0	50.0163
여부	0	50.0082
화석	0	50.0163
칼레	0	50.0082
감액	0	50.0
쇼팽	0	49.9918
감지	0	50.0
교사	1	49.9918
재현	0	49.9837
공사	1	49.9918
노릇	1	49.9837
협동	0	49.9755
풍광	0	49.9837
멘털	0	49.9756
기탁	0	49.9674
호박	0	49.9593
진동	0	49.9674
마무리	0	49.9593
지명	1	49.9674
다행	0	49.9593
하층	0	49.9674
평택	0	49.9593
애인	0	49.9674
저서	0	49.9756
조달	1	49.9675
리스크	0	49.9593
중생	0	49.9675
징역	1	49.9593
철로	0	49.9675
상장	1	49.9594
타계	0	49.9512
에도	0	49.9594
이병	0	49.9675
스웨덴	0	49.9594
출발	1	49.9513
의상	1	49.9594
낙후	0	49.9513
종양	0	49.9432
불교	0	49.9351
일색	0	49.927
온난	0	49.9351
항암	0	49.927
소령	0	49.9189
물자	0	49.9108
주석	1	49.9189
마약	0	49.927
방편	0	49.9189
답	1	49.9108
기세	0	49.9028
술	0	49.9109
사명	0	49.9028
저녁	1	49.9109
제고	0	49.9028
벨리즈	0	49.9109
협상	1	49.9028
취사	0	49.8948
조명	1	49.8867
수입	1	49.8948
모레	0	49.9029
진흥	0	49.911
매니저	0	49.9191
공연	1	49.911
의회	0	49.9191
찬성	0	49.9111
할부	0	49.903
회화	0	49.9111
흡입	0	49.9192
양궁	0	49.9111
상습	0	49.9031
노임	0	49.9112
총액	0	49.9193
갈	0	49.9273
개탄	0	49.9193
교복	0	49.9274
고대	0	49.9193
투수	0	49.9274
벌점	0	49.9355
물색	0	49.9435
재계	0	49.9516
신규	0	49.9597
엽총	0	49.9678
코디	0	49.9597
공모	1	49.9678
농구	0	49.9597
귀	0	49.9517
제방	0	49.9597
추구	1	49.9517
지휘	1	49.9436
벨기에	0	49.9517
필요	0	49.9436
운영	1	49.9356
반군	0	49.9276
당대	0	49.9356
스크랜턴	0	49.9437
셀프	0	49.9517
아밀로펙틴	0	49.9437
열쇠	0	49.9518
빙상장	0	49.9437
적기	0	49.9518
주필	0	49.9437
코트	0	49.9357
곤란	0	49.9438
낮	1	49.9518
변심	0	49.9438
내성	0	49.9518
대중	0	49.9438
소결	0	49.9518
솔선	0	49.9438
긴박	0	49.9358
거제	0	49.9278
기량	0	49.9358
사재	0	49.9278
분교	0	49.9198
자연	1	49.9278
할인	0	49.9198
음반	0	49.9278
북측	0	49.9198
컬링	0	49.9118
전반	0	49.9199
사병	0	49.9119
하야	0	49.9039
문단	0	49.8959
가교	0	49.8879
통행	0	49.8959
사저	0	49.8879
소속	0	49.896
잔류	0	49.888
용역	0	49.88
유실	0	49.872
중	0	49.88
판사	1	49.888
직전	1	49.8801
카디스	0	49.8881
준장	0	49.8801
동종	0	49.8721
후	1	49.8801
근처	0	49.8881
축적	0	49.8961
부서	0	49.8882
설명	1	49.8802
클럽	1	49.8882
전가	0	49.8802
동공	0	49.8883
끼	0	49.8803
주장	1	49.8723
혼외	0	49.8644
그린피스	0	49.8724
흔적	0	49.8644
뉴딜	0	49.8565
정식	0	49.8485
불량	0	49.8565
명부	0	49.8486
불화	0	49.8566
벙커	0	49.8486
탈피	0	49.8566
제명	0	49.8487
도착	0	49.8566
공급	1	49.8487
중점	0	49.8567
논산	0	49.8647
관중	0	49.8727
원리	1	49.8806
시민	1	49.8886
인물	1	49.8807
커뮤니티	0	49.8727
앱	0	49.8648
사임	1	49.8569
노화	0	49.8648
신곡	0	49.8728
온도	0	49.8808
우도	0	49.8887
원두	0	49.8808
국제	1	49.8888
원혼	0	49.8809
문구	0	49.8729
신종	1	49.865
명태	0	49.8571
출입	0	49.8651
실제	1	49.873
퇴로	0	49.881
초선	0	49.8889
로비	1	49.8969
건수	0	49.889
선박	0	49.881
성취	0	49.8731
기지	1	49.8652
창구	1	49.8732
울타리	0	49.8653
고향	1	49.8574
손	1	49.8495
더위	0	49.8416
밥	1	49.8337
정통	1	49.8258
미인	0	49.8337
홈페이지	0	49.8258
의욕	0	49.8338
공천	0	49.8259
좌지우지	0	49.818
역내	0	49.8259
광저우	0	49.8339
칼로리	0	49.8418
공판	0	49.8498
세간	0	49.8577
진리	0	49.8498
신작	0	49.8577
구속	1	49.8498
패션	0	49.8578
창작	0	49.8657
타격	0	49.8578
주	1	49.8657
각오	0	49.8579
여럿	0	49.8658
체육	0	49.8579
보호	1	49.8658
혐의	1	49.858
연승	0	49.8501
태양	0	49.858
소외	1	49.8501
명예	1	49.8423
허위	0	49.8502
낙점	0	49.8581
무덤	0	49.866
귀국	0	49.8739
짐작	0	49.866
아이다	0	49.8739
농성	0	49.8661
아버지	1	49.8582
액션	0	49.8504
세월	0	49.8583
화면	0	49.8504
수기	1	49.8426
마비	1	49.8505
제외	1	49.8426
대진	0	49.8505
완주	0	49.8584
패인	0	49.8663
권한	0	49.8584
대구	0	49.8506
레이더	0	49.8585
공방	1	49.8664
초점	1	49.8585
영업	0	49.8664
차이콥스키	0	49.8586
차양	0	49.8665
컬렉션	0	49.8586
단합	0	49.8665
공세	0	49.8744
정예	0	49.8822
윤곽	0	49.8744
의외	0	49.8666
범위	1	49.8588
밤	0	49.8509
입영	0	49.8431
광주	0	49.8353
스니커즈	0	49.8432
잠적	0	49.8353
찬반	0	49.8275
괴리	0	49.8354
지회	0	49.8433
부인	1	49.8511
투척	0	49.859
참고	1	49.8668
부문	0	49.8747
이틀	0	49.8669
국법	0	49.8591
호감	0	49.8513
취직	0	49.8591
명절	1	49.8513
분화	0	49.8435
파괴	1	49.8357
현금	1	49.8279
한계	0	49.8358
신부	1	49.828
관내	0	49.8202
감상	1	49.8124
키르기스스탄	0	49.8202
일환	0	49.8124
양지	0	49.8047
전투	0	49.8125
절대	0	49.8047
엄마	1	49.7969
네트워크	0	49.8048
확신	0	49.8126
개소	0	49.8048
우애	0	49.8127
부처	1	49.8205
라이벌	0	49.8283
당선	1	49.8362
레스토랑	0	49.844
캔버스	0	49.8362
증여	0	49.8284
예상	1	49.8363
유사	1	49.8441
마력	0	49.8519
합병	0	49.8441
빈약	0	49.8364
음정	0	49.8442
케이스	0	49.8364
종간	0	49.8287
시상	0	49.8365
성비	0	49.8287
순회	0	49.821
민원	0	49.8132
스캔들	0	49.821
모델	1	49.8288
환승	0	49.8211
장갑	0	49.8289
스크린	0	49.8367
공존	0	49.8445
을	0	49.8523
자초	0	49.8445
교섭	0	49.8523
동수	0	49.8446
수작	0	49.8368
사법	0	49.8446
짓	0	49.8369
선관위	0	49.8291
가상	0	49.8214
행운	0	49.8137
선장	0	49.8059
한식	0	49.8137
안장	0	49.8215
건조	1	49.8293
월성	0	49.8371
출마	0	49.8294
낙인	0	49.8216
금도	0	49.8294
수능	0	49.8217
인권	0	49.814
몰락	0	49.8062
가구	1	49.7985
천거	0	49.7908
보리	0	49.7831
다음	1	49.7909

Average score: 50.0872
